standardized_disease;list_of_diseases;tambahan manual
abses;['abses'];['abses']
abses gigi;['abses gigi'];['abses gigi']
abses paru;['abses paru'];['abses paru']
alergi;['alergi'];['alergi','alergi ringan','gangguan alergi','gi kondisi alergi','reaksi alergi','gejala alergi', 'penyakit alergi', 'peradangan alergi']
alergi dingin;['alergi dingin', 'alergi ringan'];['alergi dingin']
alergi makanan;['alergi makanan'];['alergi makanan']
alergi obat;['alergi obat', 'batuk alergi', 'akibat alergi'];['alergi obat']
ambeien;['ambeien'];['ambeien']
amebiasis;['amebiasis', 'lambliasis', 'amubiasis', 'amoebiasis'];['amebiasis', 'amubiasis', 'amoebiasis','hepatic amoebiasis','amoebiasis intestinal', 'amoebiasis intestinal hepar', 'amubiasis ekstra intestinal', 'amubiasis intestinal', 'amubiasis intestinal akut', 'amubiasis intra intestinal']
amenore;['amenore', 'amenorre'];['amenore', 'amenorre','amenorrhea','amenore primer', 'amenore primer dan sekunder', 'amenore psikogenik', 'amenore sekunder', 'amenore galaktorea']
anemia;['anemia'];['anemia']
anemia defisiensi besi;['anemia defisiensi besi', 'anemia defisiensi zat besi'];['defisiensi zat besi', 'defisiensi zat besi asam folat', 'defisiensi zat besi dan asam folat', 'defisiensi zat besi gejala', 'defisiensi zat besi pencegahan','anemia kekurangan zat besi']
anemia pernisiosa;['anemia pernisiosa'];['anemia pernisiosa']
angina pectoris;['angina pectoris'];['angina pectoris', 'angina pektoris']
angioedema;['angioedema', 'angioderma'];['angioedema', 'angioderma']
ankylosing spondylitis;['ankylosing spondylitis', 'ankylosing spondilitis', 'aankilosing spondilitis', 'spondilitis ankilosing'];['ankylosing spondylitis', 'ankylosing spondylititis', 'ankylosing spondilitis', 'ankilosing spondilitis', 'aankilosing spondilitis', 'ra ankilosing spondilitis','ankilosa spondilitis', 'spondilitas ankilosa', 'spondilitis', 'spondilitis ankilosa', 'spondilitis ankilosing']
aritmia;['aritmia'];['aritmia','disritmia jantung', 'disritmia kordis','aritmia jantung', 'aritmia ventrikel supraventrikel']
arteriosklerosis;['arteriosklerosis', 'artherosklerosis', 'aterosklerosis'];['arteriosklerosis']
asam urat;['asam urat'];['asam urat', 'asam urat akut']
ascariasis;['ascariasis', 'askariasis'];['ascariasis', 'askariasis','ascaris lumbricoides']
asites;['asites'];['asites']
asma;['asma', 'astma'];['asma', 'astma', 'bronkial asma','asma akut', 'asma akut berat', 'asma berat', 'asma berat akut', 'asma bronkhial', 'asma bronkhial khronik', 'asma bronkial', 'asma bronkial kronik', 'asma dermatitis', 'asma kronis', 'asma ringan', 'asma sedang', 'asmatik asma bronkial', 'asmatikus', 'asthma', 'asthma bronkial', 'asthmatoid bronchitis']
aspergillosis;['aspergillosis', 'aspergilosis'];['aspergillosis', 'aspergilosis']
atrial fibrilasi;['atrial fibrilasi', 'fibrilasi atrium'];['atrial fibrilasi', 'fibrilasi atrium']
atrial flutter;['atrial flutter'];['atrial flutter']
bakteremia;['bakteremia', 'bakterial', 'bakteri'];['bakteremia']
batu empedu;['batu empedu'];['batu empedu']
batu ginjal;['batu ginjal'];['batu ginjal']
batu kandung kemih;['batu kandung kemih', 'kandung kemih aktif'];['batu kandung kemih', 'kandung kemih aktif']
batuk;['batuk'];['batuk', 'batuk alergi','batuk akibat alergi', 'batuk akut kronik', 'batuk alergi',  'batuk disebabkan alergi', 'batuk gatal', 'batuk karena alergi', 'batuk karena bronchitis', 'batuk karena emphysema', 'batuk menahun', 'batuk panas',  'batuk produktifberdahak  nonproduktifkering', 'batuk rangsangan selaput pernafasan', 'batuk sesak', 'batuk yang disebabkan oleh alergi', 'batuk yang disertai peradangan saluran pernafasan bagian atas']
batuk berdahak;['batuk berdahak', 'batuk ikke berdahak', 'batuk tidak berdahak'];['batuk berdahak', 'dahak', 'dahak kental', 'dahak mukus', 'gangguan batuk berdahak','batuk berdahak disertai alergi', 'batuk berdahak karena alergi', 'batuk dahak kental', 'batuk mukolitik', 'batuk produktif', 'batuk produktif berdahak', 'batuk produktifberdahak']
batuk tidak berdahak;;['batuk tidak berdahak']
batuk kering;['batuk kering'];['batuk kering','batuk non produktif', 'batuk nonproduktifkering', 'batuk nonproduktiftidak berdahak', 'batuk nonproduktif', 'batuk yang tidak berdahak disertai bersinbersin atau alergi', 'gejala batuk tidak berdahak']
batuk kronis;['batuk kronis', 'batuk kronis akut'];['batuk kronis', 'batuk kronis akut']
batuk pilek;['batuk pilek'];['batuk pilek', 'batuk/pilek', 'batuk berhubungan flu gangguan pernapasan', 'batuk berhubungan pilek', 'batuk menyertai pilek alergi']
batuk rejan;['batuk rejan'];['batuk rejan','batuk rejanpertusis']
bau mulut;['bau mulut'];['bau mulut', 'bau mulut sedap']
benjolan payudara;['benjolan payudara', 'benjolan benjolan payudara'];['benjolan payudara', 'benjolan benjolan payudara']
berat badan berlebih;['berat badan berlebih', 'kelebihan berat badan'];['berat badan berlebih', 'kelebihan berat badan']
biang keringat;['biang keringat', 'biang keringet'];['biang keringat', 'biang keringet']
biduran;['biduran'];['biduran','biduran kaligata kronis']
bisul;['bisul'];['bisul','bisul bernanah', 'bisul gatal']
blefaritis;['blefaritis', 'blepharitis'];['blefaritis', 'blepharitis','blefaritis alergi radang kelopak mata akibat alergi', 'blefaritis non purulen', 'blefaritis nonpurulen']
bph (benign prostatic hyperplasia);['bph (benign prostatic hyperplasia)', 'benign prostatic hyperplasia'];['bph (benign prostatic hyperplasia)', 'benign prostatic hyperplasia']
bronkiektasis;['bronkiektasis', 'bronkhiektasis', 'bronkiektasi'];['bronkiektasis', 'bronkhiektasis', 'bronkiektasi']
bronkiolitis;['bronkiolitis', 'bronkitis', 'bronchiolitis'];['bronkiolitis', 'bronchiolitis']
bronkitis;['bronkitis', 'bronchitis', 'bronkhitis'];['bronkitis', 'bronchitis', 'bronkhitis']
bronkitis akut dan kronis;['bronkitis akut'];['bronkitis akut', 'bronkhitis akut', 'akut bronkhitis','bronkitis akut atau kronik', 'bronkitis akut dan kronik', 'bronkitis akut kronik', 'bronkitis asmatik', 'bronkitis asmatikus', 'bronkitis asmatis', 'bronkitis kronik eksaserbasi akut', 'bronkitis kronis', 'bronkitis khronis', 'bronkritis kronik', 'bronkitis kronik','bronkitis kronis eksaserbasi akut', 'bronkitis menahun', 'bronkitis purulen', 'bronchitis akut dan kronik', 'bronkhitis akut  khronis', 'bronkhitis akut berulang', 'bronkhitis akut dan kronik', 'bronkhitis akut dan kronis', 'bronkhitis akut dan kronis serta eksaserbasi kumatnya penyakit atau gejala penyakit secara mendadak akut', 'bronkhitis asmatik', 'bronkhitis khronik emfisema', 'bronkhitis khronis exaserbasi akut', 'bronkhitis kronis dan eksaserbasi kumatnya penyakit atau gejala penyakit secara mendadak akut', 'bronkhitis kronis dan eksaserbasi akut', 'bronkhitis kronis serta eksaserbasi kumatnya penyakit atau gejala penyakit secara mendadak akut', 'bronkhitis pneumonia', 'bronkitis kronis', 'bronkhitis kronis', 'bronkitis khronis', 'bronkhitis khronis', 'bronkitis kronik', 'bronkritis kronik', 'bronkhitis kronik', 'bronkhitis khronik', 'ppok bronkhitis khronis']
bronkitis pneumonia;;['bronkitis pneumonia']
bronkopulmonal;;['bronkopulmonal']
bronkopneumonia;['bronkopneumonia', 'bronkitis pneumonia', 'bronkopulmonal'];['bronkopneumonia']
brucellosis;['brucellosis', 'bruselosis'];['brucellosis', 'bruselosis']
bursitis;['bursitis'];['bursitis']
cacar air;['cacar air'];['cacar air', 'varicela', 'varicella', 'varicella zoster', 'varisela']
cacing kremi;['cacing kremi'];['cacing kremi','enterobius vermicularis']
campak;['campak'];['campak']
candidiasis;['candidiasis', 'kandidiasis'];['candidiasis', 'kandidiasis','kandiasis', 'kandiasis di organ genital', 'kandida', 'kandida jamur bakteri gram positif', 'kandidemia', 'kandidemia infeksi kandida sistemik', 'kandidiasi genetikal', 'kandidiasi genetikal teritama', 'kandidiasis diseminata', 'kandidiasis esofageal', 'kandidiasis esofaringeal', 'kandidiasis gastrointestinal', 'kandidiasis invasif', 'kandidiasis kutaneus', 'kandidiasis kutaneus moniliasis', 'kandidiasis saluran cerna', 'kandidiasis sistemik', 'kandidiasis sistemik yang serius', 'kandidiasis subkutan', 'kandidiasis vulvovag', 'kandidiasis vulvovagina', 'kandidosis', 'kandidosis vulvovaginal']
cerebral palsy;['cerebral palsy'];['cerebral palsy', 'cerbral palsy']
chlamydia;['chlamydia'];['chlamydia', 'chlamydia trachomatis']
covid-19;['covid-19', 'covid19'];['covid-19', 'covid19']
cystitis;['cystitis'];['cystitis']
deep vein thrombosis;['deep vein thrombosis'];['deep vein thrombosis']
defisiensi asam folat;;['defisensi asam folat', 'defisiensi asam folat']
defisiensi estrogen;;['defisiensi estrogen']
defisiensi progesteron;;['defisiensi progesteron']
defisiensi zinc;;['defisiensi zinc']
defisiensi vitamin neurotropik;;['defisiensi vitamin neurotropik']
defisiensi natrium hipovolemik;;['defisiensi natrium hipovolemik']
deep vein thrombosis;;['deep vein thrombosis']
defisiensi vitamin b;;['defisiensi vitamin b','defisiensi folic acid','kekurangan vitamin b']
defisiensi vitamin b1;;['defisiensi vitamin b1','defisiensi vit  b1', 'defisiensi vit b1', 'kekurangan vitamin b1']
defisiensi vitamin b6;;['defisiensi vitamin b6','defisiensi vit b6','kekurangan vitamin b6']
defisiensi vitamin d;;['pasien dengan kekurangan vitamin d','kekurangan vitamin d', 'kekurangan vitamin d kadar serum 25ohd 30 ngml']
defisiensi vitamin b12;;['defisiensi vitamin b12','defisiensi vit b12','kekurangan vitamin b12']
defisiensi tiamin;;['defisiensi tiamin','kekurangan thiamin mononitrate']
defisiensi vitamin e;['defisiensi vitamin e', 'defisiensi vitamin b1', 'defisiensi vitamin b6', 'defisiensi vitamin b', 'defisiensi vitamin b12', 'defisiensi tiamin'];['defisiensi vitamin e']
dehidrasi;['dehidrasi'];['dehidrasi']
demam;['demam', 'dmam', 'demam q'];['demam', 'dmam', 'demam q']
demam berdarah;['demam berdarah'];['demam berdarah']
demam pada anak;['demam pada anak', 'demam anakanak'];['demam pada anak', 'demam anakanak']
demam scarlet;['demam scarlet'];['demam scarlet']
demam tifoid;['demam tifoid', 'demam paratifoid'];['demam tifoid', 'demam paratifoid']
dermatitis;['dermatitis', 'keratitis', 'dermatofitosis', 'dermatositosis'];['dermatitis', 'keratitis', 'dermatofitosis', 'dermatositosis']
dermatitis atopik;['dermatitis atopik', 'dermatitis atopik kontak', 'dermatitis kontak atopik'];['dermatitis atopik', 'dermatitis atopik kontak', 'dermatitis kontak atopik','atopic dermatitis']
dermatitis kontak;['dermatitis kontak', 'dermatitis kronik', 'contact dermatitis', 'dermatitis kontak jenis dermatitis'];['dermatitis kontak', 'dermatitis kronik', 'contact dermatitis', 'dermatitis kontak jenis dermatitis']
dermatitis seboroik;['dermatitis seboroik'];['dermatitis seboroik']
dermatomiositis;['dermatomiositis', 'dermatomiosis', 'dermatomikosis'];['dermatomiositis', 'dermatomiosis']
diabetes;['diabetes'];['diabetes','diabetes melitus','diabetes mellitus','diabetes obesitas', 'diabetik', 'diabetik gastro paresis akut', 'diabetik gastroparesis akut', 'diabetik gastroparesis berulang']
diabetes tipe 2;;['diabetes tipe - 2','pasien dm tipe 2','diabetes melitus tipe  2', 'diabetes melitus tipe 2','diabetes mellitus tipe 2', 'diabetes miletus tipe 2','diabetes tipe 2 terkontrol','dm tipe  2', 'dm tipe 2', 'dmt2']
diabetes tipe 1;['diabetes tipe 1', 'diabetes tipe 2'];['diabetes tipe 1', 'diabetes tipe - 1','diabetes melitus tipe  1']
diare;['diare'];['diare', 'diare anak', 'diare e  coli', 'diare ecoli', 'diare karena kuman e coli dan staph kolopati spesifik dan non spesifik pada dewasa dan anak', 'diare mencret', 'diare non  spesifik', 'diare non spesifik', 'diare nonspesifik', 'diare staph']
diare kronis;['diare kronis', 'diare kronik'];['diare kronis', 'diare kronik','diare akut', 'diare akut dan kronik', 'diare akut kronik', 'diare akut non spesifik', 'diare akut non spesifik dan kronik', 'diare akut non spesifik kronik]
difteri;['difteri'];['difteri','difteri faringeal']
disentri;['disentri'];['disentri', 'disentri basil', 'disentri basiler']
dislipidemia;['dislipidemia'];['dislipidemia','dislipidemia campuran', 'dislipidemia campuran fredrickson tipe iia iib', 'dislipidemia campuran tipe iib']
dismenore;['dismenore', 'dismenorea', 'disenore', 'disumenore'];['dismenore', 'disumenore', 'dismenorea', 'disenore',  'disenore nyeri haid','dismenor primer', 'dismenore nyeri saat haid', 'dismenore nyeri haid', 'dismenore pasca operasi', 'dismenore primer', 'dismenorea primer', 'dysmenorrhea', 'dysmenorrhea primer']
edema;['edema'];['edema','edema akibat chf', 'edema asites', 'edema gagal jantung kongestif', 'edema inflamasi']
ejakulasi dini;['ejakulasi dini'];['ejakulasi dini']
emboli;['emboli'];['emboli', 'emboli serebral', 'embolus sistemik']
emfisema;['emfisema', 'emfiema', 'enfisema'];['emfisema','enfisema','emfisema dengan bronkitis', 'emfisema gangguan bronkhopulmoner', 'emfisema paru', 'emfisema penyakit paru komplikasi bronkhospasme','emphysema']
endokarditis;['endokarditis'];['endokarditis']
endometriosis;['endometriosis', 'endometritis'];['endometriosis']
ensefalopati;['ensefalopati'];['ensefalopati','encephalopathy','ensefalitis', 'ensefalopati portal', 'ensefalopati portal  sistemik', 'ensefalopati portal sistemik', 'ensefalopati portal sistemik kronik', 'ensefalopati portalsistemik']
epididimitis;['epididimitis', 'epididimo orkitis', 'epididimoorkitis'];['epididimitis']
episkleritis;['episkleritis', 'skleritis', 'episklerit', 'episcleritis'];['episkleritis', 'episcleritis', 'episklerit']
esofagitis;['esofagitis', 'esophagitis', 'eosifagitis'];['esofagitis', 'esophagitis', 'eosifagitis']
faringitis;['faringitis', 'rinofaringitis', 'laringitis', 'rinitis', 'pharingitis'];['faringitis', 'pharingitis']
fistula ani;['fistula ani', 'fisura ani'];['fistula ani']
fisura ani;['fisura ani', 'fisura anal'];['fisura ani']
flek;['flek hitam'];['flek hitam','flek','flek kanker paru paru']
flu;['flu'];[ 'flu demam', 'flu disertai batuk kering', 'flu influensa', 'flu pada anak dan orang dewasa', 'flu pilek', 'flu seperti demam', 'fluinfluensa','flu','infeksi virus influenza tipe a', 'infeksi virus influenza tipe b','virus influenza a', 'virus influenza b', 'virus influenza c', 'virus influenza tipe a', 'virus influenza tipe a atau b']
flu burung;['flu burung'];['flu burung']
folikulitis;['folikulitis'];['folikulitis']
gagal ginjal akut;['gagal ginjal akut', 'gagal ginjal'];['gagal ginjal akut', 'gagal ginjal']
gagal ginjal kronis;['gagal ginjal kronis', 'gagal ginjal khronis'];['gagal ginjal khronis', 'gagal ginjal kronik','pasien gagal ginjal khronik']
gagal jantung;['gagal jantung'];['gagal jantung', 'gangguan jantung']
gangguan metabolik;['gangguan metabolik', 'gangguan metabolisme'];['gangguan metabolik', 'gangguan metabolisme']
gangguan panik;['gangguan panik', 'gangguan tropik', 'gangguan spastik'];['gangguan panik']
gangguan pencernaan;['gangguan pencernaan', 'gangguan pernapasan', 'gangguan pernafasan', 'gangguan pada pencernaan', 'gangguan pendengaran'];['gangguan pencernaan', 'gangguan pada pencernaan']
gangguan pernapasan;['gangguan pernapasan', 'gangguan saluran pernapasan'];['gangguan pernapasan', 'gangguan pernafasan', 'gangguan saluran pernapasan','gangguan di saluran pernafasan']
gangguan tidur;['gangguan tidur', 'gangguan ritme tidur', 'gangguan irama tidur', 'gangguan sulit tidur'];['gangguan tidur', 'gangguan sulit tidur', 'gangguan irama tidur', 'gangguan ritme tidur']
gangrene;['gangrene', 'ganggren'];['gangrene', 'ganggren']
gastritis;['gastritis', 'artritis', 'gastristis'];['gastritis', 'gastristis','gastritis alkoholisme khronik', 'gastritis kronik', 'gastritis kronik sd 8 minggu', 'gastritis kronis', 'gastritis tukak lambung tukak usus dua belas jari']
gastroenteritis;['gastroenteritis', 'gastroenteritis anak'];['gastroenteritis', 'gastroenteritis anak']
gastroparesis;['gastroparesis', 'gastroparesis akut'];['gastroparesis akut dan berulang', 'gastroparesis berulang', 'gastroparesis diabetikum', 'gastroparesis diabetikum akut berulang', 'gastroparesis diabetikum akut rekuren','gastroparesis', 'gastroparesis akut']
gerd;['gerd'];['gerd', 'gastroesophageal reflux disease', 'gastroesophageal reflux disease gerd', 'gastroesophageal reflux disease gerd', 'reflucks', 'reflucks esofagitis', 'refluks', 'refluks esofagitis', 'refluks esofagitis berat', 'refluks esofagitis erosif', 'refluks esofagitis erosif atau ulseratif', 'refluks esofagitis erosifulseratif', 'refluks esofagus', 'refluks esophagitis', 'refluks gastroesofagus', 'refluks gastroesofagitis', 'refluks gastroesofagus', 'refluks gastroesofagus yang erosif', 'reflux', 'reflux esofagitis', 'reflux esofagitis erosifulseratif', 'reflux esophagitis sedang dan berat', 'reflux gastroesofagitis']
giardiasis;['giardiasis', 'giardia'];['giardiasis','giardia','giardia lambliasis']
gigi berlubang;['gigi berlubang'];['gigi berlubang']
gigitan serangga;['gigitan serangga', 'gatal gigitan serangga', 'gatal gatal gigit serangga'];['gigitan serangga', 'digigit serangga', 'gatal gigitan serangga', 'gigitan nyamuk/serangga','gatal  gatal gigit serangga', 'gatal akibat digigit serangga', 'gatal akibat gigitan nyamukserangga', 'gatal akibat gigitan serangga', 'gatal akibat gigitan seranggga','gatal gigitan serangga dan nyamuk','gatal karena biang keringet udara panas gigitan serangga', 'gatal karena gigitan serangga', 'gatalgatal akibat digigit serangga', 'gatalgatal akibat gigitan serangga', 'gatalgatal akibat gigitan serangga atau nyamuk', 'gatalgatal akibat gigitan serangga dan nyamuk', 'gatalgatal akibat gigitan serangga nyamuk', 'gatalgatal akibat gigitan serangganyamuk', 'gatalgatal karena gigitan serangga', 'gatalgatal karena gigitan serangga atau nyamuk','gigitan nyamuk', 'gigitan nyamuk  serangga', 'gigitan nyamuk bahkan nyamuk demam berdarah']
glaukoma;['glaukoma', 'glukoma'];['glaukoma', 'glukoma','aphakic glukoma','glaukoma sekunder', 'glaukoma simplek kronis', 'glaukoma sudut  terbuka', 'glaukoma sudut  terbuka hipertensi okular', 'glaukoma sudut  terbuka khronis', 'glaukoma sudut terbuka', 'glaukoma sudut terbuka khronis', 'glaukoma sudut terbuka kronis', 'glaukoma sudut tertutup', 'glaukoma sudutterbuka', 'glukoma sudut terbuka kronis']
gonore;['gonore', 'gonorea'];['gonore', 'gonorea','gonore akut', 'gonore komplikasi', 'gonore tidak terkomplikasi', 'gonorea tanpa komplikasi', 'gonorhea yang tidak terkomplikasi infeksi kulit dan jaringan lunak', 'gonorrhea', 'gonorrhea komplikasi', 'gonorrhoea', 'gonorrhoea acute tidak terkomplikasi', 'gonorrhoea akut tidak terkomplikasi', 'gonorrhoea tidak terkomplikasi', 'gonorrhoeae']
gusi bengkak;['gusi bengkak'];['gusi bengkak']
hematoma;['hematoma'];['hematoma']
hepatitis;['hepatitis'];['hepatitis','hepatitis virus', 'hepatitis alkoholik']
hernia;['hernia'];['hernia','hernia peptik']
hernia hiatus;['hernia hiatus', 'hiatus hernia', 'hiatus hernis'];['hernia hiatus','hiatus', 'hiatus hernia', 'hiatus hernis']
herpes zoster;['herpes zoster'];['herpes zoster','zoster','infeksi virus herpes zoster']
hidung tersumbat;['hidung tersumbat', 'hidung berair tersumbat', 'hidung tersumbat pilek', 'hidung tersumbatgatal'];['hidung tersumbat', 'hidung tersumbat/gatal', 'hidung tersumbat pilek', 'hidung berair tersumbat']
hiperemesis gravidarum;['hiperemesis gravidarum', 'emesis gravidarum'];['hiperemesis gravidarum', 'emesis gravidarum']
hiperglikemia;['hiperglikemia'];['hiperglikemia']
hiperkalemia;['hiperkalemia', 'hipokalemia'];['hiperkalemia']
hiperkolesterolemia;['hiperkolesterolemia', 'hiperkolesterolemia primer', 'hiperkolsterolemia', 'hiperkolesterolemia hip', 'hiperko lesterolemia'];['hiperkolesterolemia', 'hiperkolsterolemia', 'hiperko - lesterolemia', 'hiperkolesterolemia hip', 'hiperkolesterolemia primer','hiperkolesterol primer', 'hiperkolesterol primer tipe iia', 'hiperkolesterolemia familial', 'hiperkolesterolemia familial heterozigot', 'hiperkolesterolemia familial heterozigot homozigot', 'hiperkolesterolemia primer tipe', 'hiperkolesterolemia primer tipe iia', 'hiperkolesterolemia tipe iia', 'hiperkoleterolemia primer']
hiperlipidemia;['hiperlipidemia', 'hiperlipidaemia'];['hiperlipidemia', 'hiperlipidaemia','hiperlipidemia campuran', 'hiperlipidemia kombinasi campuran', 'hiperlipidemia kombinasi tipe iib ii']
hiperparatiroidisme;['hiperparatiroidisme', 'hipoparatiroidisme'];['hiperparatiroidisme', 'hipoparatiroidisme']
hiperpigmentasi;['hiperpigmentasi', 'hiperpigmentasi kulit'];['hiperpigmentasi', 'hiperpigmentasi kulit']
hipertensi;['hipertensi'];['hipertensi','darah tinggi','hipertensi berat', 'hipertensi dewasa', 'hipertensi esensial', 'hipertensi esensial renovaskular', 'hipertensi esensial ringan', 'hipertensi essensial', 'hipertensi essensial ringan', 'hipertensi maligna','hipertensi nefrogenik', 'hipertensi renovaskuler', 'hipertensi ringan']
hipertensi pulmonal;['hipertensi portal', 'hipertensi pulmonal'];['hipertensi pulmonal']
hiperurisemia;['hiperurisemia', 'hiperuresemia'];['hiperurisemia', 'hiperuresemia']
hipoalbuminemia;['hipoalbuminemia'];['hipoalbuminemia']
hipomagnesemia;['hipomagnesemia', 'hipomagnesia'];['hipomagnesemia', 'hipomagnesia']
hipotensi;['hipotensi', 'impotensi'];['hipotensi']
hirsutisme;['hirsutisme', 'hirsutism'];['hirsutisme', 'hirsutism']
histoplasmosis;['histoplasmosis', 'hiptoplasmosis'];['histoplasmosis', 'hiptoplasmosis']
iktiosis;['iktiosis', 'riketsiosis', 'ikhtiosis'];['iktiosis', 'ikhtiosis']
ileus paralitik;['ileus paralitik'];['ileus paralitik']
impetigo;['impetigo'];['impetigo','impetigo furunculosis', 'impetigo go komplikasi', 'impetigo kontagiosa', 'impetigo kontagiosum']
impotensi;['impotensi', 'impoten'];['impotensi', 'impoten','impoten pria']
imunisasi;['imunisasi'];['imunisasi']
infeksi bakteri;['infeksi bakteri', 'infeksi oleh bakteri', 'infeksi mikobakterial', 'infeksi mikobakteri'];['infeksi bakteri anaerob', 'infeksi bakteri anaerob sensitif', 'infeksi bakteri anaerob serius', 'infeksi bakteri dan fungi pada mulut dan tenggorokan', 'infeksi bakteri dan jamur fungi', 'infeksi bakteri gr gr  sal nafas', 'infeksi bakteri gram positif', 'infeksi bakteri mycobacterium tuberculosis tbc', 'infeksi bakteri pada lipatan kulit', 'infeksi bakteri sekunder', 'infeksi bakteri sekunder bronkitis akut', 'infeksi bakteri sensitif levofloxacin sinusitis', 'infeksi bakteri sensitif moxifloxacin', 'infeksi bakteri yang rentan', 'infeksi bakterial mata', 'infeksi bakterial sekunder','infeksi bakteri', 'infeksi mikobakteri', 'infeksi oleh bakteri', 'infeksi mikobakterial','infeksi akibat bakteri', 'infeksi akibat bakteri pencernaan', 'infeksi akibat bakteri saluran kemih', 'infeksi akibat bakteri saluran pernapasan', 'infeksi akibat chlamydia trachomatis','bakteremia meningitis', 'bakteri anaerob', 'bakteri endocarditis', 'bakteri gr', 'bakteri gr', 'bakteri gr  menyebabkan meningitis', 'bakteri gr  penyebab bakteremia', 'bakteri gr penyebab bakteremia', 'bakteri gr', 'bakteri gram negatif', 'bakteri gram negatif penyebab bakteria meningitis', 'bakteri gram negativ', 'bakteri gram positif', 'bakteri staph', 'bakteria meningitis', 'bakterial akut', 'bakteriuria asimptomatik pada masa hamil']
infeksi gigi;['infeksi gigi'];['infeksi gigi']
infeksi ginjal;['infeksi ginjal', 'infeksi genital', 'infeksi pada ginjal', 'infeksi vagina'];['infeksi ginjal','infeksi pada ginjal']
infeksi jamur;['infeksi jamur', 'infeksi jamur kuku', 'infesi jamur'];['infeksi jamur', 'infeksi jamur tubuh','infesi jamur','infeksi akibat jamur','infeksi jamur pada kulit dengan inflamasiperadangan', 'infeksi jamur pada kulit kulit kepala dan kuku', 'infeksi jamur ring  worm kulit', 'infeksi jamur ringworm kulit  rambut kuku disebabkan microsporum  epidermophyton trichophyton']
infeksi jamur kulit;['infeksi jamur kulit', 'infeksi jamur kulit kuku', 'infeksi jamur pada kulit', 'infeksi kulit mukosa', 'infeksi jamur kulit kepala', 'infeksi jamur lipatan kulit', 'infeksi jamur fungi', 'infeksi akibat jamur', 'infeksi jamur rambut'];['infeksi jamur kulit', 'infeksi jamur kulit kuku', 'infeksi jamur pada kulit', 'infeksi jamur kulit kepala', 'infeksi jamur lipatan kulit','infeksi dermatofita kulit kuku tangan', 'infeksi di kulit  jaringan lunak','infeksi jamur pada kulit dan kuku']
infeksi kulit;['infeksi kulit', 'infeksi mulut', 'infeksi akut', 'infeksi pada kulit', 'kulit infeksi', 'infeksi kulit lain', 'infeksi gut', 'infeksi kuku kulit'];['infeksi kulit', 'infeksi kulit lain', 'infeksi pada kulit', 'infeksi kuku kulit','infeksi kulit  jaringan lunak', 'infeksi kulit dan jar lunak', 'infeksi kulit dan jaringan lunak', 'infeksi kulit dan jaringan lunak tanpa komplikasi', 'infeksi kulit dan membran mukosa lokal', 'infeksi kulit dan membran mukosa luar', 'infeksi kulit dan struktur kulit', 'infeksi kulit dan struktur kulit tak terkomplikasi', 'infeksi kulit dan strukturnya tanpa komplikasi', 'infeksi kulit jar lunak', 'infeksi kulit jar lunak terkomplikasi', 'infeksi kulit jaringan luka', 'infeksi kulit jaringan lunak', 'infeksi kulit jelunak', 'infeksi kulit kepala', 'infeksi kulit kepala demartitis sebaroik ringan', 'infeksi kulit lain karena organisme yang peka terhadap kloramfenikol', 'infeksi serius jaringan lunak kulit','infeksi kulit lainnya', 'infeksi kulit mukosa', 'infeksi kulit pioderma', 'infeksi kulit primer', 'infeksi kulit primer akut', 'infeksi kulit primer dan sekunder', 'infeksi kulit primer maupun sekunder', 'infeksi kulit sekunder', 'infeksi kulit struktur kulit', 'infeksi kulit struktur kulit komplikasi', 'infeksi kulit struktur kulit ringan terkomplikasi', 'infeksi kulit struktur kulit terkomplikasi', 'infeksi kulit struktur kulit tidak terkomplikasi', 'infeksi kulit termasuk herpes genital rekuren', 'infeksi kulit termasuk herpes genital rekuren dan herpes labialis']
infeksi lambung;['infeksi lambung', 'infeksi tulang'];['infeksi lambung']
infeksi luka operasi;['infeksi luka operasi', 'infeksi operasi'];['infeksi luka operasi', 'infeksi operasi', 'infeksi sesudah operasi', 'infeksi pasca operasi']
infeksi mata;['infeksi mata', 'infeksi pada mata'];['infeksi mata', 'infeksi pada mata']
infeksi paru-paru;['infeksi paru-paru', 'infeksi paru'];['infeksi paru-paru', 'infeksi paru']
infeksi rahim;['infeksi rahim', 'infeksi gram'];['infeksi rahim']
infeksi virus;['infeksi rotavirus', 'infeksi virus'];['infeksi virus']
infeksi salmonella;['infeksi salmonella', 'infeksi salmonella sp sp', 'infeksi salmonele', 'infeksi salmonella sp', 'infeksi salmonella spp'];['infeksi salmonella', 'infeksi disebabkan salmonella', 'infeksi disebabkan salmonella sp','infeksi salmonella sp', 'infeksi salmonele', 'infeksi salmonella spp', 'infeksi salmonella sp sp', 'salmonella', 'salmonella sp', 'salmonellosis', 'salmonelosis', 'salmonelosis  infeksi urogenital','infeksi yang disebabkan oleh salmonella', 'infeksi yang disebabkan oleh salmonella sp']
infeksi saluran kemih;['infeksi saluran kemih', 'infeksi pada saluran kemih', 'infeksi saluran kemih kelamin', 'infeksi saluran gl', 'infeksi di saluran kemih', 'infeksi saluran kemih kompleks', 'infeksi bakteri saluran kemih', 'saluran kemih kelamin infeksi', 'infeksi saluran kemih akut', 'infeksi sal kemih', 'infeksi saluran kelamin', 'infeksi saluran urin'];['infeksi saluran kemih', 'saluran kemih', 'saluran kemih  kelamin', 'saluran kemih  kelamin', 'saluran kemih dan kelamin', 'infeksi sal kelamin', 'infeksi sal urogenital kemih kelamin', 'infeksi saluram urinarius','infeksi saluran genitourinaria', 'infeksi saluran genitourinari', 'infeksi saluran genitourinary', 'infeksi saluran kemih  kelamin', 'infeksi saluran kemih akut komplikasi', 'infeksi saluran kemih bagian bawah', 'infeksi saluran kemih dan kelamin', 'infeksi saluran kemih dengan komplikasi', 'infeksi saluran kemih kecuali prostatitis', 'infeksi saluran kemih kompleks complicated urinary tract infection', 'infeksi saluran kemih komplikasi', 'infeksi saluran kemih tanpa komplikasi', 'infeksi saluran kemih tidak terkomplikasi disebabkan escherichia coli proteus mirabilis', 'infeksi saluran urinarius', 'infeksi saluran urogenital','saluran kemih kelamin', 'saluran kemih kelamin infeksi', 'saluran kemih kelamin infeksi kulit jaringan lunak', 'saluran kemih organ genital wanita', 'saluran kemih organ genital wanita dismenore', 'sal kemih','saluran urogenital', 'sal kemih dan kelamin', 'saluran kemihkelamin', 'infeksi di saluran kemih', 'infeksi saluran kelamin', 'infeksi sal kemih', 'infeksi saluran kemih akut', 'infeksi pada saluran kemih', 'infeksi saluran kencing', 'infeksi bakteri saluran kemih', 'infeksi saluran kemih kelamin', 'infeksi saluran urin', 'infeksi saluran kemih kompleks', 'infeksi saluran gl']
infeksi saluran pencernaan;['infeksi saluran pencernaan', 'infeksi saluran pernapasan', 'lesi di saluran pencernaan', 'infeksi saluran cerna', 'infeksi saluran pencernaan saluran kemih', 'infeksi saluran napa'];['infeksi saluran pencernaan', 'infeksi sal cerna','saluran pencernaan', 'saluran cerna', 'saluran cerna empedu', 'infeksi saluran cerna', 'sal cerna', 'sal cerna tifoid paratifoid', 'lesi di saluran pencernaan','sal pencernaan']
infeksi saluran pernapasan;['infeksi saluran pernapasan', 'infeksi saluran nafas', 'infeksi saluran pernapasan atas', 'alergi saluran pernapasan', 'infeksi saluran napas atas', 'infeksi saluran napas bawah', 'infeksi saluran napas', 'infeksi saluran pernapasan bawah'];['infeksi saluran pernapasan', 'infeksi saluran pernafasan', 'infeksi saluran pernapasan atas', 'saluran nafas', 'saluran nafas akut kronik', 'infeksi ringan saluran nafas','saluran nafas atas', 'infeksi sal nafas bawah', 'infeksi sal nafas kulit', 'infeksi sal nafas lainnya', 'infeksi sal napa', 'infeksi sal pernafasan atas', 'infeksi saluran nafas akut', 'infeksi saluran nafas akut dan khronik', 'infeksi saluran nafas akut dan kronik', 'infeksi saluran nafas atas', 'infeksi saluran nafas atas bawah', 'infeksi saluran nafas atas dan bawah', 'infeksi saluran nafas bagian atas dan bawah', 'infeksi saluran nafas bawah', 'infeksi saluran nafas bawah dan atas', 'infeksi saluran nafas dan bawah', 'infeksi saluran nafas dan tht', 'infeksi saluran nafas kecuali pneumonia strep hemolitikus', 'infeksi saluran nafas khronik', 'infeksi saluran nafas kronik', 'infeksi saluran nafas kulit dan jaringan lunak', 'infeksi saluran napa akut kronik', 'infeksi saluran napas atas  bawah', 'infeksi saluran napas atas dan bawah', 'infeksi saluran pencernaan saluran kemih', 'infeksi saluran pernafasan bagian atas', 'infeksi saluran pernafasan bagian atas  bawah', 'infeksi saluran pernafasan bagian bawah', 'infeksi saluran pernapasan atas  bawah', 'infeksi saluran pernapasan atas dan bawah', 'infeksi saluran pernapasan bagian atas','saluran nafas bawah', 'infeksi sal nafas atas', 'infeksi sal nafas','infeksi sal nafas atas dan bawah', 'infeksi ringan  sedang sal nafas bawah dan atas kulit dan struktur kulit phs','infeksi sal nafas bakteri gr','saluran napa', 'saluran napas', 'saluran napas akut', 'saluran pernafasan', 'saluran pernapasan','sal pernafasan','sal nafas', 'sal nafas kecuali pneumonia strep','infeksi saluran pernapasan bawah', 'infeksi saluran napas', 'infeksi saluran napa', 'infeksi saluran pernafasan bawah', 'infeksi saluran nafas', 'infeksi saluran napas atas', 'infeksi bakteri saluran pernafasan', 'infeksi saluran napas bawah', 'alergi saluran pernapasan', 'infeksi saluran napa akut']
infeksi streptococcus;['infeksi streptococcus', 'infeksi staphylococcus'];['infeksi streptococcus']
infeksi telinga;['infeksi telinga', 'infeksi ringan'];['infeksi telinga']
infeksi usus;['infeksi usus', 'infeksi serius'];['infeksi usus']
infeksi vagina;['infeksi vagina', 'infeksi lain', 'infeksi lainnya'];['infeksi vagina']
inkontinensia tinja;['inkontinensia tinja', 'inkontinensia urin'];['inkontinensia tinja']
insomnia;['insomnia'];['insomnia']
iskemia;['iskemia'];['iskemia']
jamur kulit;['jamur kulit'];['jamur kulit','jamur lipatan kulit', 'jamur pada kulit']
jerawat;['jerawat'];['jerawat','jerawat berisi nanah', 'jerawat bisul', 'jerawat parah', 'jerawatakne vulgaris','jerawat berat']
jerawat batu;['jerawat batu', 'jerawat berat'];['jerawat batu']
kandidiasis kulit;['kandidiasis kulit', 'kandidasis kutan', 'kandidiasis mulut'];['kandidiasis kulit', 'kandidasis kutan']
kandidiasis oral;['kandidiasis oral', 'atopik oral kandidiasis', 'kandidosis oral'];['kandidiasis oral', 'kandidiasis mulut','kandidosis oral','kandidiasis mulut dermatomikosis', 'kandidiasis oral infeksi jamur rongga mulut', 'kandidiasis orofaringe', 'kandidiasis orofaringeal', 'kandidiasis orofaringeal  esofageal', 'kandidiasis rongga mulut','atopik oral kandidiasis']
kandidiasis vaginalis;['kandidiasis vaginalis', 'kandidiasis vaginal'];['kandidiasis vaginal', 'kandidiasis vagina', 'kandidosis vaginal', 'kandidiasis vulvovaginal']
kanker;['kanker'];['kanker']
kanker darah;['kanker darah', 'kanker rahim'];['kanker darah']
kanker hati;['kanker hati'];['kanker hati']
kanker kandung kemih;['kanker kandung kemih', 'kolik kandung kemih'];['kanker kandung kemih']
kanker lambung;['kanker lambung'];['kanker lambung']
kanker payudara;['kanker payudara'];['kanker payudara', 'kanker payu dara']
kanker prostat;['kanker prostat'];['kanker prostat']
kanker tenggorokan;['kanker tenggorokan', 'tenggorokan kering', 'nyeri tenggorokan'];['kanker tenggorokan']
kapalan;['kapalan'];['kapalan']
kejang;['kejang'];['kejang']
kelainan darah;['kelainan darah'];['kelainan darah']
keputihan;['keputihan'];['keputihan']
keracunan obat;['keracunan obat', 'keracunan hati'];['keracunan obat']
keratosis pilaris;['keratosis pilaris'];['keratosis pilaris']
keseleo;['keseleo', 'kesleo'];['keseleo', 'kesleo']
kesemutan;['kesemutan'];['kesemutan']
ketombe;['ketombe'];['ketombe']
kista;['kista'];['kista']
klaudikasio intermiten;['klaudikasio intermiten', 'klaudikasi intermiten'];['klaudikasio intermiten', 'klaudikasi intermiten']
kolera;['kolera'];['kolera']
kolesterol;['kolesterol', 'kolesterol ldl'];['kolesterol', 'kolesterol ldl']
koma;['koma'];['koma']
komedo;['komedo'];['komedo']
konjungtivitis;['konjungtivitis', 'keratokonjungtivitis', 'konjungtivitas', 'konjungktivitis'];['konjungtivitis', 'konjungktivitis', 'konjungtivitas']
konstipasi;['konstipasi'];['konstipasi']
kram otot;['kram otot'];['kram otot']
kram perut;['kram perut'];['kram perut']
kriptosporidiosis;['kriptosporidiosis', 'cryptosporidiosis'];['kriptosporidiosis', 'cryptosporidiosis']
kudis;['kudis'];['kudis','kadas']
kurap;['kurap'];['kurap','kadaskurap']
kutil;['kutil'];['kutil']
kutu air;['kutu air'];['kutu air']
kutu rambut;['kutu rambut'];['kutu rambut']
labirinitis;['labirinitis'];['labirinitis']
laringitis;['laringitis', 'laryngitis'];['laringitis', 'laryngitis']
leptospirosis;['leptospirosis'];['leptospirosis']
lichen planus;['lichen planus', 'liken planus'];['lichen planus', 'likhen planus', 'liken planus']
luka bakar;['luka bakar'];['luka bakar']
luka tusuk;['luka tusuk', 'luka usus'];['luka tusuk']
lupus;['lupus'];['lupus','lupus eritematosus', 'lupus eritematosus discoid', 'lupus eritematosus diskoid', 'lupus eritematosus diskoid kondisi tidak respon kortikosteroid aktif', 'lupus eritemmantosus']
mabuk perjalanan;['mabuk perjalanan'];['mabuk perjalanan','mabuk karena kendaraan']
makrosomia;['makrosomia', 'akrosia'];['makrosomia']
malaria;['malaria'];['malaria']
mata ikan;['mata ikan'];['mata ikan']
mata kering;['mata kering', 'kekeringan mata'];['mata kering', 'kekeringan mata']
mata lelah;['mata lelah'];['mata lelah']
mata merah;['mata merah', 'kemerahan mata'];['mata merah', 'kemerahan mata']
melasma;['melasma'];['melasma']
meningitis;['meningitis'];['meningitis']
menopause;['menopause'];['menopause']
migrain;['migrain', 'migraine'];['migrain', 'migraine']
mikosis;['mikosis'];['mikosis']
milia;['milia', 'mialgia'];['milia']
miom;['miom'];['miom']
molluscum contagiosum;['molluscum contagiosum', 'moluskum kontagiosum'];['molluscum contagiosum', 'moluskum kontagiosum']
morning sickness;['morning sickness'];['morning sickness']
mual;['mual'];['mual','mual akibat radiasi', 'mual akut']
mulut kering;['mulut kering', 'kulit kering'];['mulut kering']
muntah;['muntah', 'muntah muntah'];['muntah','muntah  muntah', 'muntah akut', 'muntah dalam perjalanan', 'muntah dalam perjalanan yang diderita jika mempergunakan kendaraan bermotor kapal kereta api atau pesawat udara', 'muntah kehamilan', 'muntah pada kehamilan', 'muntah pasca operasi', 'muntah paska anestesi', 'muntah paska operasi', 'muntah ringan', 'muntah saat hamil', 'muntah saat perjalanan', 'muntahmuntah', 'muntahmuntah karena bromokriptin', 'muntahmuntah karena levodopa']
myasthenia gravis;['myasthenia gravis', 'miastenia gravis'];['myasthenia gravis', 'miastenia gravis']
myositis;['myositis', 'miositis'];['myositis', 'miositis']
nefropati diabetik;['nefropati diabetik', 'polineuropati diabetik', 'neuropati diabetika'];['nefropati diabetik']
neuritis optik;['neuritis optik', 'neuritis optika'];['neuritis optik', 'neuritis optika']
neurodermatitis;['neurodermatitis'];['neurodermatitis', 'neuro-dermatitis']
neuropati;['neuropati', 'nefropati'];['neuropati']
neuropati diabetik;['neuropati diabetik', 'polineuropati diabetikum'];['neuropati diabetik', 'neuropati diabetika']
neuropati perifer;['neuropati perifer'];['neuropati perifer']
nistagmus;['nistagmus'];['nistagmus']
nyeri bahu;['nyeri bahu'];['nyeri bahu']
nyeri leher;['nyeri leher'];['nyeri leher']
nyeri lutut;['nyeri lutut'];['nyeri lutut']
nyeri punggung;['nyeri punggung', 'nyeri dipunggung', 'nyeri pinggang', 'sakit nyeri punggung', 'nyeri pada punggung'];['nyeri punggung', 'nyeri dipunggung', 'nyeri pada punggung', 'sakit nyeri punggung']
nyeri sendi;['nyeri sendi'];['nyeri sendi']
oligomenorea;['oligomenorea', 'oligomenore'];['oligomenorea', 'oligomenore']
oligospermia;['oligospermia'];['oligospermia']
orchitis;['orchitis', 'rachitis'];['orchitis']
osteoarthritis;['osteoarthritis', 'osteoartritis oa', 'osteoarthritis oa', 'osteo arthritis', 'osteoartritis', 'ostearthiritis', 'nyeri osteoarthritis', 'osteaoarthritis'];['osteoartrosis', 'artritis tulang punggung','gejala osteoartritis','osteoarthritis', 'osteo arthritis', 'osteaoarthritis', 'osteoartritis', 'ostearthiritis', 'osteoarthritis oa', 'osteoartritis oa', 'osteoarthritis (oa)', 'nyeri osteoarthritis','osteoartritis akut', 'osteoartritis eksaserbasi akut', 'osteoartritis jangka pendek', 'osteoartritis kolumna vertebralis', 'osteoartritis spondilartritis', 'osteoartritis spondilosa', 'osteoartritis spondilosa artritis', 'osteoatritis panggul']
osteogenesis imperfecta;['osteogenesis imperfecta', 'osteogenesis imperfekta'];['osteogenesis imperfecta', 'osteogenesis imperfekta']
osteomielitis;['osteomielitis', 'osteomielitis akut'];['osteomielitis', 'osteomielitis akut','osteomielitis radang sumsum tulang', 'osteomielitis radang sumsum tulang akut', 'osteomielitisradang sumsum tulang']
osteopetrosis;['osteopetrosis', 'osteoartrosis', 'osteoporosis', 'osteporosis'];['osteopetrosis']
otitis eksterna;['otitis eksterna', 'otitis eksterna akut', 'otitis externa'];['otitis eksterna', 'otitis externa', 'otitis eksterna akut','otitis eksterna kronik', 'otitis eksterna kronis', 'otitis externa akut', 'otitis externa akut khronik', 'otitis externa atau peradangan pada telinga bagian luar', 'otitis externa khronik']
otitis media;['otitis media', 'otitis medium', 'otitis media akut'];['otitis media', 'otitis medium', 'otitis media akut','otitis media radang rongga gendang telinga', 'otitis media radang telinga tengah akut', 'otitis media kronis', 'otitis media supuratif', 'otitis media supuratif kronik', 'otitis medium akut', 'otitis medium akuta', 'otitis medium radang rongga gendang telinga', 'otitis medium sal nafas']
otomikosis;['otomikosis', 'onkomikosis'];['otomikosis']
pankreatitis akut;['pankreatitis akut', 'keratitis akut', 'pankreatitis'];['pankreatitis akut', 'pankreatitis']
panu;['panu'];['panu']
paratifus;['paratifus'];['paratifus', 'tifoid', 'tifoid paratifoid', 'tifus  paratifus', 'tifus dan paratifus', 'tifus epidemi', 'tifus paratifus']
paronikia;['paronikia', 'paronikhia'];['paronikia', 'paronikhia']
pembengkakan otak;['pembengkakan otak', 'pembengkakan prostat', 'pembengkakan'];['pembengkakan otak']
penyakit arteri perifer;['penyakit arteri perifer', 'penyakit arteri koroner'];['penyakit arteri perifer']
penyakit behcet;['penyakit behcet', 'penyakit berat'];['penyakit behcet']
penyakit ginjal;['penyakit ginjal', 'penyakit ginjal hati'];['penyakit ginjal', 'penyakit ginjal hati']
penyakit infeksi;['penyakit infeksi', 'penyakit infeksi ringan', 'penyakit infeksi kulit'];['penyakit infeksi', 'penyakit infeksi ringan', 'penyakit infeksi kulit']
penyakit jantung;['penyakit jantung', 'penyakit jantung hati'];['penyakit jantung', 'penyakit jantung hati']
penyakit jantung koroner;['penyakit jantung koroner'];['penyakit jantung koroner']
penyakit liver;['penyakit liver', 'penyakit alergi'];['penyakit liver']
penyakit meniere;['penyakit meniere', 'penyakit meniere s'];['penyakit meniere', 'penyakit meniere s']
penyakit menular seksual;['penyakit menular seksual'];['penyakit menular seksual']
penyakit paru obstruktif kronis;['penyakit paru obstruktif kronis', 'paru obstruktif kronik'];['penyakit paru obstruktif kronis', 'penyakit paru obstruktif kronik', 'penyakit paru obstruktif kronik (ppok)']
penyakit pes;['penyakit pes', 'penyakit paget'];['penyakit pes']
perdarahan saluran pencernaan;['perdarahan saluran pencernaan', 'perdarahan saluran cerna atas'];['perdarahan saluran pencernaan', 'perdarahan saluran cerna atas']
perdarahan subarachnoid;['perdarahan subarachnoid', 'pendarahan subarakhnoid'];['perdarahan subarachnoid', 'pendarahan subarakhnoid']
perikarditis;['perikarditis', 'periartritis'];['perikarditis']
perikoronitis;['perikoronitis', 'periodontitis', 'peritonitis'];['perikoronitis]
periodontitis;['periodontitis', 'priodontitis', 'peritoditis'];['periodontitis', 'priodontitis']
perut kembung;['perut kembung'];['perut kembung']
pilek;['pilek'];['pilek']
pleuritis;['pleuritis', 'pruritis', 'neuritis', 'polineuritis', 'polyneuritis', 'plineuritis'];['pleuritis']
pneumonia;['pneumonia', 'spneumoniae', 's pneumoniae'];['pneumonia', 's.pneumoniae', 's  pneumoniae', 's pneumoniae','pneumonia akibat lingkungan', 'pneumonia akibat streptococcus', 'pneumonia akut', 'pneumonia atipik primer', 'pneumonia bakteri', 'pneumonia cystitis', 'pneumonia dr lingkungan', 'pneumonia faringitis', 'pneumonia komunitas', 'pneumonia komunitas communityacquired pneumonia', 'pneumonia komuniti', 'pneumonia lingkungan', 'pneumonia masyarakat', 'pneumonia nosokomial', 'pneumonia saluran napa', 'pneumonia strep hemolitikus', 'pneumonia yang didapat dari lingkungan', 'pneumonitis anaerob']
pneumonia aspirasi;['pneumonia aspirasi'];['pneumonia aspirasi']
polip hidung;['polip hidung'];['polip hidung']
polisitemia vera;['polisitemia vera'];['polisitemia vera']
proktitis;['proktitis', 'parotitis'];['proktitis']
prostatitis;['prostatitis', 'isk prostatitis'];['prostatitis', 'isk prostatitis']
prurigo;['prurigo'];['prurigo']
pruritus;['pruritus'];['pruritus', 'pruritis','pruritis ani', 'pruritis anogenital', 'pruritus alergi', 'pruritus anogenital', 'pruritus anogential', 'pruritus atau gatalgatal pada anus dan vulvagenital external pada wanita', 'pruritus di anus', 'pruritus pada urtikaria khronik idiopathik']
psikosis;['psikosis', 'psitakosis'];['psikosis']
psoriasis;['psoriasis'];['psoriasis', 'psoriasis ','psoriasis diskoid', 'psoriasis kecuali plak']
pusing;['pusing'];['pusing','pusing vestibular', 'pusing yang berhubungan dengan gangguan keseimbangan pada gangguan sirkulasi darah', 'pusingpusing', 'pusingmigren']
radang gusi;['radang gusi'];['radang gusi']
radang sendi;['radang sendi'];['radang sendi']
radang tenggorokan;['radang tenggorokan', 'batuk dan tenggorokan'];['radang tenggorokan','rasa sakit di tenggorokan']
rakitis;['rakitis', 'rakhitis', 'trakhitis'];['rakhitis','rachitis rickets','rakhitis akibat defisiensi vit  d']
rambut rontok;['rambut rontok', 'kerontokan rambut'];['rambut rontok', 'kerontokan rambut']
reactive arthritis;['reactive arthritis', 'arthritis reumatik', 'rematik artritis'];['reactive arthritis']
rematik;['rematik', 'rheumatik', 'reumatik'];['rematik', 'rheumatik', 'reumatik']
rheumatoid arthritis;['rheumatoid arthritis', 'rheumatoid artritis', 'rematoid athritis', 'artritis reumatoid', 'artritis rematoid', 'rematoid artritis', 'rheumatoid arthritis ra', 'artritis rheumatoid'];['rheumatoid arthritis', 'rheumatoid artritis', 'rematoid athritis', 'artritis reumatoid', 'artritis rematoid', 'rematoid artritis', 'rheumatoid arthritis ra', 'artritis rheumatoid', 'arthritis reumatik', 'rematik artritis','arthritis reumatik', 'arthritis reumatoid', 'arthritis reumatoid ar', 'arthritis rheumatoid', 'artritis rematoid', 'artritis rematoid aktif', 'artritis reumatoid', 'artritis rheumatoid', 'artritis rheumatoid juvenil',  'atritis rematoid', 'gejala artritis reumatoid','gejala juvenile artritis reumatoid','juvenile artritis reumatoid']
rhinitis;['rhinitis'];['rhinitis']
rhinitis alergi;['rhinitis alergi', 'rinitis alergika', 'allergic rhinitis', 'alergi rhinitis', 'alergi rinitis', 'rhinitis alergika', 'rinitis alergi'];['rhinitis alergi', 'rinitis alergika', 'allergic rhinitis', 'alergi rhinitis', 'alergi rinitis', 'rhinitis alergika', 'rinitis alergi','alergi rinitis intermiten persisten  menerus', 'alergi rinitis intermitensewaktu', 'alergi rinitis nasal  nonnasal', 'alergi rinitis perenial', 'alergi rinitis persistenterusmenerus']
ruam popok;['ruam popok'];['ruam popok']
sakit gigi;['sakit gigi'];['sakit gigi']
sakit kepala;['sakit kepala', 'skit kepala'];['sakit kepala', 'skit kepala']
sakit maag;['sakit maag'];['sakit maag']
sakit perut;['sakit perut'];['sakit perut']
sakit pinggang;['sakit pinggang', 'sakit pinggan', 'sakit otot pinggang', 'sakit punggung'];['sakit pinggang', 'sakit pinggan', 'sakit otot pinggang']
sakit tenggorokan;['sakit tenggorokan', 'sakıt tenggorokan'];['sakit tenggorokan', 'sakıt tenggorokan']
salpingitis;['salpingitis'];['salpingitis']
sariawan;['sariawan'];['sariawan']
selulitis;['selulitis'];['selulitis']
sepsis;['sepsis'];['sepsis']
serangan jantung;['serangan jantung'];['serangan jantung']
servisitis;['servisitis', 'servisitis go'];['servisitis', 'servisitis go','cervicitis']
sesak napas;['sesak napas', 'sesak nafas'];['sesak napas', 'sesak nafas']
sifilis;['sifilis', 'sipilis'];['sifilis', 'sipilis']
sindrom nefrotik;['sindrom nefrotik', 'sindroma nefrotik'];['sindrom nefrotik', 'sindroma nefrotik']
sindrom raynaud;['sindrom raynaud', 'sindroma raynaud'];['sindrom raynaud', 'sindroma raynaud']
sindrom zollinger-ellison;['sindrom zollinger-ellison', 'sindroma zollingerellison', 'sindrom zollingerellison'];['sindrom zollinger-ellison', 'sindroma zollingerellison', 'sindrom zollingerellison']
sinusitis;['sinusitis', 'sinusitus', 'sistitis'];['sinusitis', 'sinusitus', 'sistitis']
sirosis;['sirosis', 'pirosis'];['sirosis']
skiatika;['skiatika'];['skiatika']
skorbut;['skorbut'];['skorbut']
stenosis pilorus;['stenosis pilorus', 'stenosis pylorus', 'stenosis pilorik'];['stenosis pilorus', 'stenosis pylorus', 'stenosis pilorik']
stres;['stres', 'stress'];['stres', 'stress']
stroke;['stroke'];['stroke']
stroke iskemik;['stroke iskemik', 'stroke iskhemik'];['stroke iskemik', 'stroke iskhemik']
takikardia;['takikardia'];['takikardia']
tendinitis;['tendinitis', 'tendovaginitis'];['tendinitis']
tetanus;['tetanus'];['tetanus']
tifus;['tifus'];['tifus']
tinea barbae;['tinea barbae'];['tinea barbae']
tinea capitis;['tinea capitis', 'tinea kapitis'];['tinea capitis', 'tinea kapitis']
tinea corporis;['tinea corporis', 'tinea corporis kurap', 'tinea cruris', 'tinea korporis'];['tinea corporis', 'tinea corporis kurap', 'tinea korporis']
tinea cruris;['tinea cruris', 'tinea kuris'];['tinea cruris', 'tinea kuris']
tinnitus;['tinnitus', 'tinitus'];['tinnitus', 'tinitus']
tirotoksikosis;['tirotoksikosis'];['tirotoksikosis']
toksoplasmosis;['toksoplasmosis', 'toxoplasmosis'];['toksoplasmosis', 'toxoplasmosis']
trikomoniasis;['trikomoniasis'];['trikomoniasis']
tromboflebitis;['tromboflebitis'];['tromboflebitis']
trombositopenia;['trombositopenia', 'trombositemia'];['trombositopenia']
tukak lambung;['tukak lambung', 'tukak lambung usus', 'luka lambung'];['tukak lambung', 'tukak lambung usus', 'luka lambung']
tumor;['tumor'];['tumor']
ulkus dekubitus;['ulkus dekubitus'];['ulkus dekubitus']
ulkus duodenum;['ulkus duodenum', 'ulkus duodenum aktif', 'ulkus deudenum', 'ulkus duodenal'];['ulkus duodenum', 'ulkus duodenum aktif', 'ulkus deudenum', 'ulkus duodenal']
ulkus kornea;['ulkus kornea', 'ulkus pada kornea'];['ulkus kornea', 'ulkus pada kornea']
uretritis;['uretritis', 'gi uretritis', 'urethritis', 'urethris', 'uritritis'];['uretritis', 'gi uretritis', 'urethritis', 'urethris', 'uritritis']
uveitis;['uveitis'];['uveitis','chronic anterior uveitis']
vaginitis;['vaginitis'];['vaginitis']
vaginosis bakterialis;['vaginosis bakterialis', 'bacterial vaginosis'];['vaginosis bakterialis', 'bacterial vaginosis']
varises;['varises'];['varises']
vertigo;['vertigo'];['vertigo']
vulvitis;['vulvitis', 'vulvitas'];['vulvitis', 'vulvitas']
wasir (ambeien);['wasir (ambeien)', 'wasir ambeien', 'ambien wasir'];['wasir (ambeien)', 'wasir ambeien', 'ambien wasir']
lambliasis;;['lambliasis']
varicela;;['varicela', 'varicella', 'varicella zoster', 'varisela']
disfungsi ovulasi;;['disfungsi ovulasi','disovulasi','gangguan ovulasi']
discoid;;['discoid','diskoid','diskoid lupus eritemmantosus','dsikoid']
disfungsi ereksi;;['disfungsi ereksi']
empiema;;['emfiema']
endometritis;;['endometritis']
epididimo-orkitis;;['epididimo-orkitis']
skleritis;;['skleritis']
gangguan tropik;;['gangguan tropik']
gangguan spastik;;['gangguan spastik']
gangguan pendengaran;;['gangguan pendengaran']
granuloma inguinale;;['granuloma inguinale']
hepatitis b;;['infeksi virus hepatitis b kronik','hepatitis b kronik']
hernia nukleus pulposus;;['hernia neukleus pulposus']
herpes genital (herpes simplex);;['virus herpes simpleks','infeksi virus herpes simpleks', 'infeksi virus herpes simpleks kulit membran mukosa', 'infeksi virus herpes simpleks pada kulit dan selaput lendir', 'infeksi virus herpes simplex kulit membran mukosa','herpes simplek', 'infeksi herpes simpleks pada kulit', 'infeksi herpes simplex', 'infeksi herpes simplex pada kulit', 'herpes simplek pada kulit', 'herpes simpleks', 'herpes simpleks kulit membran mukosa', 'herpes simplex', 'herpes simplex dan zoster', 'herpes simplex tipe 1', 'herpes simplex tipe 1  2', 'herpes simplex tipe 2','herpes genital', 'herpes genital awal', 'herpes genital awal  rekuren', 'herpes genital awal dan rekuren', 'herpes genital berulang', 'herpes genital rekuren', 'herpes genitalis', 'herpes ginital', 'herpes ginital awal']
herpes;;['virus herpes']
hipertensi okuler;;['hipertensi okuler','hipertensi okular', 'hipertensi okular responsif', 'hipertensi okular tidak responsif','hipertensi mata']
hiperparatiroidisme;;['hiperparatiroidisme']
hipokalemia;;['hipokalemia']
hipoparatiroid;;['hipoparatiroidisme']
riketsiosis;;['riketsiosis']
infeksi genital;;['infeksi genital']
infeksi helicobacter pylori;;['infeksi bakteri helicobacter pylorus']
infeksi jamur rambut;;['infeksi jamur rambut']
infeksi jamur kuku;;['infeksi jamur kuku','infeksi jamur pada kuku']
infeksi tulang;;['infeksi tulang']
infeksi staphylococcus;;['infeksi staphylococcus','infeksi disebabkan staphylococcus']
infeksi;;['infeksi lain','infeksi lainnya']
inkontinensia urine;;['inkontinensia urin']
kandidiasis mukosal;;['kandidiasis mukosal','kandidiasi mukosa','kandidiasis mukokutan khronis', 'kandidiasis mukokutan kronis', 'kandidiasis mukokutan kulit  mukosa khronik', 'kandidiasis mukokutan kulit  mukosa khronik tidak responsif nistatin obat kandidiasis vaginal']
kanker rahim;;['kanker rahim']
kolik kandung kemih;;['kolik kandung kemih']
kanker paru-paru;;['kanker paru paru']
keracunan hati;;['keracunan hati']
keracunan alkohol;;['keracunan alkohol']
keratitis;;['keratitis', 'keratitis akut']
keratokonjungtivitis;;['keratokonjungtivitis']
luka usus;;['luka usus']
akrosia;;['akrosia','akrosianosis']
mialgia;;['mialgia']
kulit kering;;['kulit kering']
mual muntah;;['mual atau muntah', 'mual atau muntah pasca operasi', 'mual dan muntah', 'mual dan muntah akibat kemoterapi', 'mual dan muntah akibat kemoterapi  radioterapi', 'mual dan muntah akibat kemoterapi dan radioterapi', 'mual dan muntah akibat obat', 'mual dan muntah akibat penggunaal levodopa dan bromokriptin', 'mual dan muntah akibat radioterapi', 'mual dan muntah akut', 'mual dan muntah karena kemoterapi', 'mual dan muntah karena kemoterapi dan radioterapi', 'mual dan muntah karena obat', 'mual dan muntah karena radioterapi', 'mual dan muntah pada anak akibat kemoterapi dan radioterapi', 'mual dan muntah pada anak2 akibat kemoterapi  radioterapi', 'mual dan muntah pasca operasi', 'mual dan muntah pasca pembedahan', 'mual dan muntah paska operasi', 'mual dan muntah yang diinduksi obat kemoterapi sitotoksik', 'mual dan muntah yang dipicu oleh radioterapi', 'mual dan muntah yang disebabkan kemoterapi', 'mual dan muntah yang disebabkan oleh obat', 'mual dan muntah yang disebabkan radioterapi untuk kanker', 'mual di pagi hari', 'mual meriang', 'mual muntah', 'mual muntah akibat gangguan metabolik pasca operasi', 'mual muntah akut', 'mual muntah kehamilan', 'mual muntah kemoterapi emetogenik', 'mual muntah paska operasi','mual  muntah', 'mual  muntah akut', 'mual  muntah yang disebabkan kemoterapi', 'mual  muntah yang disebabkan kemoterapi  radioterapi untuk kanker']
polineuropati diabetik;;['polineuropati diabetik', 'polineuropati diabetikum']
nefropati;;['nefropati']
nyeri pinggang;;['nyeri pinggang']
nyeri pasca operasi;;['nyeri pasca bedah', 'nyeri pasca op', 'nyeri pasca operasi', 'nyeri pasca operasi cabut gigi', 'nyeri pasca operasi derajat', 'nyeri pasca operasi pasca bedah gigi tulang', 'nyeri pasca partum', 'nyeri pasca trauma', 'nyeri pasca vaksinasi', 'nyeri pascabedah', 'nyeri paska bedah', 'nyeri paska operasi','nyeri yang muncul setelah operasi']
rachitis;;['rachitis']
onkomikosis;;['onkomikosis']
pembengkakan;;['pembengkakan']
pembengkakan prostat;;['pembengkakan prostat']
penyakit arteri koroner;;['penyakit arteri koroner']
penyakit paget;;['penyakit paget']
periartritis;;['periartritis']
peritonitis;;['peritonitis', 'peritoditis']
neuritis;;['neuritis']
plineuritis;;['plineuritis']
polineuritis;;['polineuritis', 'polyneuritis']
polip;;['polip']
polip usus;;['polip usus besar']
parotitis;;['parotitis']
psitakosis;;['psitakosis','psithachosis', 'psittacosis']
radang telinga;;['radang rongga gendang telinga','radang telinga akut kronis', 'radang telinga bagian luar', 'radang telinga bagian luar  tengah', 'radang telinga bagian tengah', 'radang telinga tengah']
radang;;['radang', 'radang akibat amandel', 'radang akut', 'radang akut yang berat']
radang mulut;;['radang mulut']
radang usus;;['radang usus','radang pada usus']
radang mata;;['radang kantung air mata', 'radang kelopak mata','radang saraf mata', 'radang kornea mata', 'radang mata akibat reaksi alergi','radang selaput bening mata', 'radang selaput ikat mata']
radang kulit;;['radang kkulit', 'radang kulit']
radang ginjal;;['radang ginjal']
trakhitis;;['trakhitis']
sakit punggung;;['sakit punggung']
pirosis;;['pirosis']
tendovaginitis;;['tendovaginitis']
trombositemia;;['trombositemia']
dermatomikosis;;['dermatomikosis']
akne;;['akne','acne']
adnexitis;;['adnexitis']
adesilentikular;;['adesilentikular']
urtikaria;;['alergi urtikaria', 'alergi urtikaria angioedema cold urticaria allergic rhinitis vasomotor rhinitis']
alopesia androgenetika;;['androgenetica alopecia', 'alopesia androgenetika']
kelahiran prematur;;['ancaman kelahiran prematur']
anemia akibat pendarahan;;['anemia akibat pendarahan']
anemia megaloblastik;;['anemia makrositik', 'anemia megaloblastik', 'anemia megaloblastik dan makrositik', 'anemia megaloblastik disertai kekurangan vitamin c dan b kompleks terutama pada kehamilan','anemia megaloblastik disertai kekurangan vitamin c b kompleks terutama kehamilan']
anemia pada kehamilan dan menyusui;;['anemia pada kehamilan dan menyusui','anemia kehamilan menyusui']
aneurisma otak;;['aneurisma']
angina;;['angina', 'angina stabil', 'angina stabil kronis', 'angina tidak stabil]
angina prinzmetal;;['angina prinzmetal, angina varian']
angina vincent;;['angina vincent']
anoreksia nervosa;;['anoreksia', 'anoreksia kehilangan nafsu makan', 'anorexia']
anovulasi;;['anovulasi']
ansietas;;['ansietas']
arthritis;;['arthisis', 'arthitis', 'arthritis', 'artritis akut', 'artritis idiopatik juvenil', 'atritis akut kronis']
arthritis gout;;['arthritis gout akut', 'gout', 'gout akut', 'gout artritis akut', 'gut', 'artritis gout akut']
septic arthritis;;['artritis septik', 'artritis septik osteomielitis']
asthenia;;['astenia']
aterosklerosis;;['artherosklerosis', 'aterosklerosis','aterosklerosis vaskular']
bau badan;;['bau badan']
bengkak;;['bengak', 'bengkak', 'bengkak akibat terpukul', 'bengkak atau memar']
bersin;;['bersin', 'bersin bersin', 'bersin bersin yang disertai batuk', 'bersin dan hidung tersumbat karena flu', 'bersin disertai batuk', 'bersinbersin', 'bersinbersin disertai batuk', 'bersinbersin yang disertai batuk']
bibir kering;;['bibir kering', 'bibir pecah pcah', 'bibir pecah pecah', 'bibir pecahpecah']
blastomikosis;;['blastomikosis']
blefarokonjungtivitis;;['blefarokonjungtivitis', 'blefarokonjungtivitis keratokonjungtivitis']
bromokriptin;;['bromokriptin']
bronkopasma;;['bronkhospasme', 'bronkhospasme reversibel', 'bronkhospastik', 'bronkhospastik lain', 'bronkospasma', 'bronkospasme', 'bronkospasme akut', 'bronkospasme bronkitis kronik', 'bronkospasme jenis asma bronkial', 'bronkospasme kronik', 'bronkospasme kronis', 'bronkospasme pada semua jenis asma bronkial', 'bronkospasme reversibel']
cedera;;['cedera']
cedera olahraga;;['cedera berolahraga kecelakaan', 'cedera jaringan lunak', 'cedera karena olahraga', 'cedera karena olahraga dan kecelakaan', 'cedera olahraga']
cocidioidomycosis;;['cocci dioidomycosis', 'coci dioidomycosis']
kardiomiopati;;['cardiomiopati obstruktif hipertrofik']
nyeri;;['nyeri ringan']
intoleransi makanan;;['intoleransi terhadap makanan']
intoleransi obat;;['intoleransi obat']
