standardized_disease,list_of_diseases_fuzzy_tfidf_fuzzy_tfidf_fuzzy_fuzzy_tfidf_fuzzy_tfidf
aborsi,"['abortus', 'abortus mengancam', 'aborsi', 'abortus persalinan']"
aborsi habitulasi,"['abortus hebatulasi', 'aborsi habitulasi', 'abortus habitulasi', 'kehamilan dengan riwayat abortus habitualis', 'abortus habitualis']"
aborsi septik,"['abortus septik', 'infeksi abortus septik', 'aborsi septik']"
abses,"['abses', 'abs']"
abses gigi,['abses gigi']
abses intra abdomen,"['abs intra abdomen', 'abses intra abdomen', 'abses intraabdomen', 'abs intraabdomen']"
abses paru,"['abs paru', 'abses paru']"
abses periodontal,"['abs periodontal', 'abses periodontal']"
adenoma endokrin multiple,"['adenoma endokrin', 'adenoma endokrin multipel', 'adenoma endokrin multiple']"
adesilentikular,['adesilentikular']
adnexitis,"['adnexitis', 'dakriosistitis adnexitis']"
akne,"['akne berat', 'acne vulgaris papulapustula', 'akne vulgaris', 'acne vulgaris', 'akne vulgarisjerawat ringan', 'acne ringan', 'akne pustularis', 'akne nekrotika', 'acne', 'akne vulgaris ringan sedang', 'acne vulgaris papulapustula berat', 'akne vulgarisjerawat', 'akne', 'acne eksim', 'akne pustular']"
akrosia,"['akrosia', 'akrosianosis']"
alergi,"['gangguan alergi', 'alergi', 'akibat alergi', 'alergi akut kronis', 'peradangan alergi', 'penyakit alergi', 'reaksi alergi', 'gi kondisi alergi', 'gejala alergi', 'alergi ringan', 'alergi inflamasi', 'gi alergi']"
alergi dermatologi,"['alergi kulit mukosa', 'gangguan kulit akibat alergi', 'penyakit penyakit dermatologis alergik', 'kondisi2 pruritik alergi kulit mukosa', 'penyakit kulit akibat reaksi alergi', 'alergi dermatologi', 'reaksi alergi kulit', 'penyakit dermatologis alergi', 'penyakit dermatologis alergi lainnya', 'kondisi2 pruritik', 'gangguan kulit alergi', 'penyakit dermatologis alergik', 'gangguan alergi kulit', 'alergi kulit']"
alergi dingin,"['badan dingin', 'urtikaria dingin', 'alergi dingin']"
alergi makanan,['alergi makanan']
alergi mata,"['alergi kulit mata', 'alergi mata', 'alergi kelopak mata']"
alergi obat,"['reaksi obat', 'alergi obat', 'reaksi alergi obatobatan', 'reaksi terhadap obat']"
alergi saluran pernapasan,"['alergi saluran pernapasan', 'alergi pernapasan hidung']"
alopesia androgenetika,"['kebotakan androgenetika', 'kebotakan androgenetika androgenetica alopecia', 'androgenetica alopecia', 'alopesia androgenetika']"
ambeien,['ambeien']
amebiasis,"['amubiasis ekstra intestinal', 'hepatic amoebiasis', 'amubiasis intra intestinal', 'amoebiasis intestinal', 'intestinal amoebiasis', 'amoebiasis intestinal hepar', 'amubiasis', 'amebiasis', 'amoebiasis', 'amubiasis intestinal akut', 'amubiasis intestinal']"
amenore,"['amenore', 'amenore primer sekunder', 'amenore psikogenik', 'amenorre', 'amenore primer dan sekunder', 'amenore galaktorea', 'amenore primer', 'amenore sekunder', 'amenorrhea']"
anemia,['anemia']
anemia akibat pendarahan,"['pendarahan hidung', 'anemia akibat pendarahan', 'pendarahan']"
anemia defisiensi besi,"['anemia defisiensi zat besi', 'anemia kekurangan zat besi', 'defisiensi zat besi dan asam folat', 'defisiensi zat besi', 'defisiensi zat besi pencegahan', 'defisiensi zat besi gejala', 'defisiensi zat besi asam folat']"
anemia megaloblastik,"['anemia makrositik', 'anemia megaloblastik disertai kekurangan vitamin c dan b kompleks terutama pada kehamilan', 'anemia megaloblastik', 'anemia megaloblastik dan makrositik', 'anemia megaloblastik makrositik', 'anemia megaloblastik disertai kekurangan vitamin c b kompleks terutama kehamilan']"
anemia pada kehamilan dan menyusui,"['anemia pada kehamilan dan menyusui', 'anemia kehamilan menyusui']"
anemia pernisiosa,"['anemia pernisiosa', 'pernisiosa']"
aneurisma otak,['aneurisma']
angina,['angina']
angina pectoris,"['angina pektoris', 'angina pectoris', 'pektoris', 'pektosis']"
angina prinzmetal,"['prinzmetal', 'angina varian', 'angina prinzmetal, angina varian', 'angina prinzmetal']"
angina stabil,"['angina stabil', 'angina stabil kronis']"
angina tidak stabil,['angina tidak stabil']
angina vincent,"['infeksi vincent', 'angina vincent']"
angioedema,"['angioedema', 'angioderma', 'urtikaria angioedema']"
ankylosing spondylitis,"['ankylosing spondilitis', 'spondilitis ankilosa', 'ankylosing spondylitis', 'spondilitis ankilosing', 'spondilitas ankilosa', 'ankilosa spondilitis', 'spondilitis', 'oa ra ankilosing spondilitis', 'ankylosing spondylititis', 'ankilosing spondilitis', 'ra ankilosing spondilitis', 'aankilosing spondilitis']"
anoreksia nervosa,"['anoreksia', 'hilang nafsu makan anoreksia', 'membantu memperbaiki nafsu makan', 'nafsu makan anak', 'anorexia', 'anoreksia kehilangan nafsu makan', 'nafsu makan']"
anovulasi,['anovulasi']
ansietas,['ansietas']
aritmia,"['gangguan ritme irama atrium', 'gangguan ritme irama berhubungan', 'aritmia ventrikel supraventrikel', 'disritmia jantung', 'aritmia jantung', 'disritmia kordis', 'aritmia']"
arteriosklerosis,['arteriosklerosis']
arthritis,"['atritis akut kronis', 'nyeri arthritis ringan', 'arthitis', 'artritis idiopatik juvenil', 'arthisis', 'artritis akut', 'artritis', 'arthritis']"
arthritis gout,"['gout', 'serangan akut gout', 'arthritis gout akut', 'serangan gout akut', 'gout akut', 'artritis gout akut', 'gout artritis akut']"
asam urat,"['asam urat akut', 'kelebihan asam urat', 'urat kaku', 'produksi asam urat berlebihan', 'asam urat']"
ascariasis,"['askariasis', 'ascaris lumbricoides', 'ascariasis']"
asites,['asites']
asma,"['asma berat', 'asma ringan', 'asma', 'dispnea akibat asma bronkhial', 'asma sedang', 'bronkial asma', 'asma bronkial', 'asma bronkhial', 'serangan asma akut', 'asma dermatitis', 'asma kronis', 'asthma bronkial', 'asma akut', 'asthmatoid bronchitis', 'asmatikus', 'asma bronkial kronik', 'obstruksi saluran nafas asma bronkhial', 'asthma', 'asmatik asma bronkial', 'asma bronkhial khronik', 'asma berat akut', 'astma', 'asma akut berat', 'status asmatikus']"
aspergillosis,"['aspergilosis', 'aspergillosis']"
asthenia,['astenia']
aterosklerosis,"['artherosklerosis', 'aterosklerosis vaskular', 'aterosklerosis']"
atoni,['atoni']
atrial fibrilasi,"['fibrilasi atrium paroxismal', 'fibrilasi flutter atrium paroksismal', 'fibrilasi atrium', 'atrial fibrilasi']"
atrial flutter,['atrial flutter']
bakteremia,['bakteremia']
batu empedu,"['empedu', 'batu empedu']"
batu ginjal,"['batu oksalat', 'batu oksalat ginjal saluran kemih', 'batu ginjal']"
batu kandung kemih,"['kandung kemih aktif', 'batu urin', 'batu urin saluran kemih', 'gejala kandung kemih aktif', 'batu kandung kemih']"
batuk,"['batuk produktifberdahak nonproduktifkering', 'batuk yang disertai peradangan saluran pernafasan bagian atas', 'batuk yang disebabkan oleh alergi', 'batuk karena bronchitis', 'batuk produktifberdahak  nonproduktifkering', 'batuk disertai peradangan saluran pernafasan bagian atas', 'meredakan batuk', 'batuk bronchitis', 'batuk menahun', 'batuk akut kronik', 'batuk disebabkan alergi', 'batuk panas', 'batuk gatal', 'batuk karena emphysema', 'gejala batuk', 'batuk disebabkan oleh alergi', 'batuk akibat alergi', 'batuk alergi', 'batuk karena alergi', 'batuk sesak', 'batuk', 'batuk tenggorokan', 'batuk rangsangan selaput pernafasan']"
batuk berdahak,"['batuk produktifberdahak', 'ekspektoran batuk berdahak', 'batuk berdahak disertai alergi', 'dahak mukus', 'dahak', 'mukolitik', 'batuk produktif', 'batuk dahak kental', 'batuk produktif berdahak', 'batuk mukolitik', 'batuk berdahak alergi', 'susah mengeluarkan dahak', 'ekspektoran gangguan batuk berdahak', 'batuk ikke berdahak', 'ekspektoran', 'batuk berdahak', 'gangguan batuk berdahak', 'batuk berdahak karena alergi', 'dahak kental']"
batuk kering,"['batuk tidak berdahak disertai bersinbersin alergi', 'batuk yang tidak berdahak disertai bersinbersin atau alergi', 'batuk nonproduktiftidak berdahak', 'batuk non produktif', 'gejala batuk tidak berdahak', 'batuk kering', 'batuk nonproduktifkering', 'batuk nonproduktif']"
batuk kronis,"['batuk kronis akut', 'batuk kronis']"
batuk pilek,"['batuk pilek', 'batuk/pilek', 'batuk berhubungan flu gangguan pernapasan', 'batuk menyertai pilek alergi', 'batukpilek', 'batuk berhubungan pilek']"
batuk rejan,"['batuk rejan', 'batuk rejanpertusis']"
batuk tidak berdahak,"['tidak berdahak', 'batuk tidak berdahak']"
bau badan,['bau badan']
bau mulut,"['bau mulut sedap', 'bau mulut']"
bengkak,"['bengak', 'bengkak memar', 'bengkak akibat terpukul', 'bengkak', 'bengkak atau memar']"
benjolan payudara,"['benjolan benjolan payudara', 'benjolan payudara']"
berat badan berlebih,"['kelebihan berat badan', 'berat badan berlebih']"
bersin,"['bersin disertai batuk', 'bersin bersin', 'pilek bersinbersin', 'bersin dan hidung tersumbat karena flu', 'bersinbersin', 'bersin', 'bersinbersin disertai batuk', 'bersin bersin yang disertai batuk', 'bersinbersin yang disertai batuk', 'pilek bersin', 'bersin hidung tersumbat flu', 'bersin bersin disertai batuk']"
biang keringat,"['gatal akibat keringat', 'biang keringat', 'biang keringet', 'biang keringat alergi']"
bibir kering,"['bibir pecahpecah', 'bibir pecah pcah', 'bibir pecah pecah', 'kulit pecah pecah sudut mulut', 'bibir kering']"
biduran,"['urtikaria biduran', 'gatalgatal biduran', 'biduran', 'kaligata', 'gangguan alergi urtikaria biduran kaligata kronis', 'biduran kaligata kronis']"
bisul,"['bisul', 'bisul bernanah', 'bisul gatal']"
blastomikosis,['blastomikosis']
blefaritis,"['blepharitis', 'blefaritis alergi radang kelopak mata akibat alergi', 'blefaritis non purulen', 'blefaritis', 'blefaritis nonpurulen']"
blefarokonjungtivitis,"['blefarokonjungtivitis keratokonjungtivitis', 'blefarokonjungtivitis']"
bph (benign prostatic hyperplasia),"['terapi hiperplasia prostat jinak', 'bph (benign prostatic hyperplasia)', 'benign prostatic hyperplasia', 'hiperplasia prostat jinak', 'pembesaran prostat jinak', 'bph', 'hiperplasia prostat']"
bromokriptin,['bromokriptin']
bronkiektasis,"['bronkiektasis', 'bronkiektasi', 'bronkhiektasis']"
bronkiolitis,"['bronchiolitis', 'bronkiolitis']"
bronkitis,"['bronkitis', 'bronchitis', 'kaitan bronkhitis', 'bronkhitis', 'bronkitis alergi']"
bronkitis akut dan kronis,"['bronchitis akut kronik', 'bronkitis asmatik', 'bronkitis kronis', 'eksaserbasi akut bronkitis kronik', 'eksaserbasi akut dari bronkitis kronik', 'eksaserbasi bronkitis kronis', 'ppok', 'bronkhitis kronis eksaserbasi akut', 'bronkhitis khronik emfisema', 'exaserbasi akut bronkhitis khronik', 'bronkitis akut atau kronik', 'bronkhitis kronis dan eksaserbasi kumatnya penyakit atau gejala penyakit secara mendadak akut', 'bronkhitis kronis eksaserbasi kumatnya penyakit gejala penyakit secara mendadak akut', 'bronkhitis khronik', 'bronkhitis kronis dan eksaserbasi akut', 'eksaserbasi bakteri akut bronkitis kronis', 'ppok bronkhitis khronis', 'eksaserbasi kronis akut', 'bronkitis akut', 'bronkhitis akut kronis', 'eksaserbasi akut dr bronkitis kronik', 'infeksi akut bronkitis kronis', 'eksesarbasi bronkitis kronis', 'bronkhitis akut dan kronis', 'bronkhitis akut  khronis', 'bronkhitis asmatik', 'bronkitis kronik eksaserbasi akut', 'bronkhitis akut dan kronik', 'bronkitis kronik', 'bronkhitis khronis', 'bronkhitis khronis exaserbasi akut', 'eksaserbasi dari bronkhitis kronis', 'eksaserbasi bakteri akut bronkitis kronik', 'bronkhitis pneumonia', 'bronkitis purulen', 'bronkhitis akut khronis', 'exaserbasi', 'bronkhitis akut kronik', 'infeksi traktus respiratorius bronkhitis akut sinusitis akut', 'eksaserbasi bronkhitis kronis', 'eksaserbasi bakterial akut bronkitis kronik', 'bronkitis menahun', 'bronkitis asmatis', 'eksaserbasi kumatnya penyakit gejala penyakit secara mendadak akut', 'bronkitis akut dan kronik', 'eksaserbasi akut bronkitis kronis', 'bronkitis khronis', 'bronkritis kronik', 'bronkhitis akut kronis serta eksaserbasi kumatnya penyakit gejala penyakit secara mendadak akut', 'bronchitis akut dan kronik', 'bronkhitis kronis serta eksaserbasi kumatnya penyakit gejala penyakit secara mendadak akut', 'bronkitis akut kronik', 'bronkitis asmatikus', 'bronkhitis akut berulang', 'bronkhitis akut dan kronis serta eksaserbasi kumatnya penyakit atau gejala penyakit secara mendadak akut', 'bronkitis kronis eksaserbasi akut', 'bronkhitis akut', 'exaserbasi bronkhitis khronik', 'akut bronkhitis', 'eksaserbasi bronkhitis khronik', 'bronkhitis kronik', 'bronkhitis kronis serta eksaserbasi kumatnya penyakit atau gejala penyakit secara mendadak akut', 'bronkhitis kronis']"
bronkitis pneumonia,['bronkitis pneumonia']
bronkopasma,"['bronkospasme kronik', 'kondisi2 bronkhospastik', 'bronkospasme pada semua jenis asma bronkial', 'bronkospasme jenis asma bronkial', 'bronkhospastik lain', 'bronkospasme semua jenis asma bronkial', 'bronkospasme akut', 'bronkospasme reversibel', 'bronkhospasme reversibel', 'bronkospasma', 'bronkospasme bronkitis kronik', 'penyakit2 paru menimbulkan komplikasi bronkhospasme', 'bronkospasme', 'bronkhospastik', 'bronkhospasme', 'bronkospasme kronis']"
bronkopneumonia,['bronkopneumonia']
bronkopulmonal,['bronkopulmonal']
brucellosis,"['brucellosis', 'bruselosis']"
bursitis,['bursitis']
cacar air,['cacar air']
cacing cambuk,['cacing cambuk']
cacing gelang ascaris lumbricoides,"['cacing gelang ascaris lumbricoides', 'cacing gelang']"
cacing kremi,"['kremi', 'cacingan', 'cacing kremi', 'infeksi cacing campuran', 'infeksi cacing kremi cacing gelang cacing tambang cacing cambuk infeksi cacing campuran tersebut', 'kecacingan', 'enterobius vermicularis', 'infeksi cacing kremi enterobius vermicularis', 'cacing']"
cacing tambang,"['cacing tambang necator americanus', 'cacing tambang', 'ancylostoma duodenale', 'necator americanus', 'cacing tambang ancylostoma duodenale']"
campak,['campak']
candidiasis,"['kandidiasis sistemik serius', 'kandiasis di organ genital', 'kandidiasis subkutan', 'kandidiasis gastrointestinal', 'kandidiasi genetikal', 'infeksi kandida invasif', 'intertrigo kandida', 'infeksi kandida sistemik', 'infeksi kandida subkutan invasif', 'kandidiasis esofaringeal', 'moniliasis', 'gastrointestinal kandidosis sistemik', 'infeksi mikosis sistemik kandidiasis', 'infeksi kandida sistemik serius', 'candida candidiasis', 'kandidiasis saluran cerna', 'kandidiasis vulvovag', 'infeksi kandida kriptokokal', 'kandidiasis vulvovagina', 'kandidiasis sistemik yang serius', 'infeksi kandida kriptokokal sistemik', 'kandida', 'kandidemia infeksi kandida sistemik', 'candidiasis', 'kandiasis organ genital', 'kandda vagina', 'orofaringeal infeksi kandida sistemik serius', 'kandidiasis sistemik', 'kandidosis', 'kandidiasis kutaneus moniliasis', 'kandidiasi genetikal teritama', 'kandidiasis kutaneus', 'kandidiasis diseminata', 'kandidiasis esofageal', 'kandidiasis', 'kandida jamur bakteri gram positif', 'kandidiasis invasif', 'kandiasis', 'kandidosis vulvovaginal']"
cedera,['cedera']
cedera olahraga,"['cedera karena olahraga dan kecelakaan', 'cedera karena olahraga', 'cedera berolahraga kecelakaan', 'cedera jaringan lunak', 'cedera olahraga', 'cedera olahraga kecelakaan']"
cerebral palsy,"['kelumpuhan cerebral', 'cerbral palsy', 'cerebral palsy']"
chlamydia,"['trachomatis', 'chlamydia trachomatis', 'chlamydia']"
cocidioidomycosis,"['cocci dioidomycosis', 'coci dioidomycosis']"
covid-19,"['covid-19', 'covid19', 'covid 19']"
cystitis,['cystitis']
dakriosistitis,['dakriosistitis']
deep vein thrombosis,['deep vein thrombosis']
defisiensi asam folat,"['defisiensi asam folat', 'defisensi asam folat']"
defisiensi estrogen,['defisiensi estrogen']
defisiensi natrium hipovolemik,['defisiensi natrium hipovolemik']
defisiensi progesteron,['defisiensi progesteron']
defisiensi tiamin,"['kekurangan thiamin mononitrate', 'defisiensi tiamin']"
defisiensi vitamin b,"['defisiensi vitamin b', 'kekurangan vitamin c b kompleks', 'defisiensi folic acid', 'kekurangan vitamin b']"
defisiensi vitamin b1,"['defisiensi vit  b1', 'defisiensi vit b1', 'defisiensi vitamin b1', 'kekurangan vitamin b1']"
defisiensi vitamin b12,"['defisiensi vitamin b12', 'defisiensi vit b12', 'kekurangan vitamin b12']"
defisiensi vitamin b6,"['defisiensi vit b6', 'defisiensi vitamin b6', 'kekurangan vitamin b6']"
defisiensi vitamin d,"['kekurangan vitamin d', 'kekurangan vitamin d kadar serum 25ohd 30 ngml', 'pasien dengan kekurangan vitamin d']"
defisiensi vitamin e,['defisiensi vitamin e']
defisiensi vitamin neurotropik,['defisiensi vitamin neurotropik']
defisiensi zinc,['defisiensi zinc']
dehidrasi,"['dehidrasi', 'dehidrasi sedang', 'dehidrasi ringan', 'dehidrasisedang']"
demam,"['demam enterik', 'sakit demam', 'demam setelah imunisasi', 'demam akibat pilek', 'demam imunisasi', 'demam', 'demam pasca imunisasi', 'demam sesudah vaksinasi', 'demam paska vaksinasi', 'demam sesudah imunisasi', 'menurunkan demam', 'demam flu', 'demam enterik infeksi pencernaan', 'demam menyertai flu', 'demam forte', 'nyeri demam', 'demam pasca vaksinasi', 'demam vaksinasi', 'panas demam', 'demam menyertai flu paska vaksinasi', 'dmam', 'demam q']"
demam berdarah,['demam berdarah']
demam pada anak,"['demam anak anak', 'demam anak', 'demam pada anak', 'demam anak dewasa', 'demam anakanak', 'menurunkan demam anak']"
demam paratifoid,"['demam paratifoid', 'paratifoid']"
demam scarlet,['demam scarlet']
demam tifoid,['demam tifoid']
dermatitis,"['dermatofitosis', 'dermatitis alergi', 'dermatitis terinfeksi', 'dermatitis terinfeksi bisul', 'dermatitis akut', 'dermatitis ekzematous', 'eksim dermatitis', 'exfoliative dermatitis', 'dermatitis dengan komplikasi infeksi bakterial', 'dermatitis komplikasi infeksi bakterial', 'dermatitis', 'dermatitis lainnya', 'dermatositosis', 'dermatitis disertai infeksi', 'dermatitis ekzematoid terinfeksi', 'pruritik dermatitis', 'dermatitis eksfoliatif']"
dermatitis atopik,"['dermatitis kontak atopik', 'dermatitis atopik', 'atopic dermatitis', 'dermatitis kontak maupun atopik', 'dermatitis atopik kontak', 'kulit bersisik psoriasis dermatitis atopik', 'dermatitis atopic', 'kulit bersisik', 'dermatitis atopik alergi herediterketurunan']"
dermatitis kontak,"['contact dermatitis', 'dermatitis kronik', 'dermatitis kontak jenis dermatitis', 'dermatitis kontak', 'dermatitis akut kronik']"
dermatitis seboroik,"['seboroik', 'demartitis sebaroik ringan', 'seborrhoeic dermatitis', 'dermatitis seboroik']"
dermatomikosis,['dermatomikosis']
dermatomiositis,"['dermatomiositis', 'dermatomiosis']"
dermatosis,"['inflamasi dermatosis', 'dermatosis bakterial', 'dermatosis responsif terhadap kortikosteroid', 'dermatosis responsif kortikosteroid', 'dermatosis alergi inflamasi', 'dermatosis', 'dermatosis sensitif kortikosteroid', 'inflamasi dermatosis reponsif kortikosteroid', 'dermatosis resisten', 'dermatosis lain', 'dermatosis mikotik', 'dermatosis responsif', 'seluruh dermatosis responsif', 'dermatosis bakterial mikotik', 'sermatosis', 'dermatosis alergi', 'dermatosis lebih resisten']"
diabetes,"['diabetes obesitas', 'paresis', 'non insulin dependent diabetes mellitus', 'diabetik gastroparesis akut', 'non insulin dependent diabetic mellitus', 'diabetes', 'diabetes mellitus', 'insulin dependent diabetes mellitus', 'diabetik gastro paresis akut', 'diabetik gastroparesis berulang', 'diabetik', 'diabetes melitus']"
diabetes tipe 1,"['diabetes melitus tipe  1', 'diabetes tipe - 1', 'diabetes tipe 1']"
diabetes tipe 2,"['diabetes mellitus tipe 2', 'tipe 2', 'dm tipe 2', 'diabetes melitus tipe 1', 'diabetes tipe - 2', 'diabetes melitus tipe  2', 'diabetes tipe 2', 'dmt2', 'diabetes tipe 2 terkontrol', 'dm tipe  2', 'diabetes melitus tipe 2', 'pasien dm tipe 2', 'diabetes miletus tipe 2']"
diare,"['mencret', 'diare mencret', 'diare e coli', 'diare non  spesifik', 'diare staph', 'diare kronis', 'diare kuman e coli staph kolopati spesifik non spesifik dewasa anak', 'diare e  coli', 'diare akut non spesifik kronik', 'diare anak', 'diare akut', 'diare akut non spesifik', 'diare karena kuman e coli dan staph kolopati spesifik dan non spesifik pada dewasa dan anak', 'diare akut kronik', 'ecoli', 'diare', 'diare ecoli', 'diare nonspesifik', 'diare non spesifik', 'diare kronik']"
difteri,"['difteri', 'difteri faringeal']"
discoid,"['diskoid lupus eritemmantosus', 'diskoid', 'ekzema diskoid', 'dsikoid', 'discoid']"
disentri,"['paratifoid disentri basiler', 'disentri basil', 'enterokolitis disentri basiler akibat bakteri gram negatif', 'disentri', 'disentri basiler']"
disfungsi ereksi,['disfungsi ereksi']
disfungsi ovulasi,"['gangguan ovulasi', 'disovulasi', 'disfungsi ovulasi']"
dislipidemia,"['dislipidemia campuran tipe iib', 'dislipidemia', 'dislipidemia campuran fredrickson tipe iia iib', 'dislipidemia campuran']"
dismenore,"['dismenore nyeri saat haid', 'dismenore pasca operasi', 'sakit haid', 'nyeri waktu haid', 'keram saat haid', 'dismenore nyeri haid', 'nyeri haid', 'disenore nyeri haid', 'dysmenorrhea', 'nyeri dismenore', 'nyeri haid primer', 'disumenore', 'haid', 'nyeri haid dysmenorrhea primer', 'dismenore', 'dismenorea primer', 'disenore', 'dysmenorrhea primer', 'nyeri haid dismenore primer', 'dismenore primer', 'nyeri dismenore primer', 'dismenorea', 'dismenor primer']"
edema,"['edema asites', 'edema akibat chf', 'edema gagal jantung kongestif', 'edema', 'edema inflamasi']"
ejakulasi dini,['ejakulasi dini']
eksaserbasi,"['ekarserbasi akut', 'eksaserbasi akut', 'eksasaerbasi akut', 'eksaserbasi bakteri akut', 'eksaserbasi', 'exaserbasi akut']"
eksim,"['eksim rekalsitran', 'ekzim terutama anak', 'eksema rekalsitrans', 'eksma', 'ekzim', 'ekzema rekalsitran', 'eksim rekalsitrans', 'ekzema infantil', 'eksem', 'ekzema', 'eczema', 'ekzema bernanah', 'ekzema atopik', 'eksema', 'ecsema', 'ekzema resisten', 'eksim', 'ekzema terinfeksi', 'ekzema stasis']"
ekstremitas dingin,"['ekstremitas dingin', 'extremitastangankaki dingin', 'ekstremitas teraba dingin']"
emboli,"['embolus sistemik', 'emboli serebral', 'emboli', 'embolus paru']"
emfisema,"['emfisema', 'gangguan bronkhopulmoner', 'emfisema gangguan bronkhopulmoner', 'emfisema dengan bronkitis', 'emfisema penyakit paru komplikasi bronkhospasme', 'emphysema', 'emfisema paru', 'pulmonari emfisema', 'batuk emphysema', 'enfisema', 'ppok emfisema dengan bronkitis bronkitis kronis bronkiektasi']"
empiema,['emfiema']
endokarditis,['endokarditis']
endometriosis,['endometriosis']
endometritis,['endometritis']
ensefalitis,"['ensefalitis', 'toksoplasmik ensefalitis']"
ensefalopati,"['sistemik ensepalopati', 'ensefalopati portal sistemik', 'portal sistemik', 'portal systemic encephalopathy', 'ensefalopati', 'ensefalopati portal  sistemik', 'ensefalopati portalsistemik', 'ensefalopati portal sistemik kronik', 'encephalopathy', 'ensefalopati portal']"
epididimitis,['epididimitis']
epididimo-orkitis,"['epididimo-orkitis', 'epididimo orkitis']"
epididimoorkitis,['epididimoorkitis']
episkleritis,"['episcleritis', 'episklerit', 'episkleritis']"
eritritis,['eritritis']
erosi kornea,['erosi kornea']
erosi lambung,['erosi lambung']
esofagitis,"['peptik esofagitis', 'eosifagitis', 'esophagitis', 'esofagitis', 'peptik eosifagitis']"
faringitis,"['faringitis', 'pharingitis']"
faringotonsilitis,"['faringitis tonsilitis streptokokus', 'faringitis tonsilitis', 'faringotosilitis', 'faringotonsilitis']"
fatigue,['fatig lelah']
fistula ani,"['fistula ani', 'fistula']"
fisura ani,"['fisura anal superfisial', 'fisura anal', 'fisura ani']"
flek,"['flek', 'flek kanker paru paru', 'flek hitam']"
flu,"['influenza a', 'virus influenza b', 'h influenza', 'infeksi h influenzae', 'h influenzae infeksi meningen', 'fluinfluensa', 'flu pilek', 'haemophyllus influenza', 'flu', 'influensa demam', 'virus influenza a', 'flu seperti demam', 'h influenzae infeksi meningeal', 'virus influenza c', 'flu pada anak dan orang dewasa', 'virus influenza tipe a b', 'influensa', 'infuenza', 'infeksi virus influenza tipe b', 'hinfluenzae', 'flu influensa', 'virus influenza tipe a', 'influenza tipe b', 'influenza dewasa', 'virus influenza tipe a atau b', 'gejala flu', 'influenza anak', 'infeksi virus influenza tipe a', 'flu demam', 'flu disertai batuk kering', 'h influenzae', 'influenza', 'demam influensa', 'flu anak orang dewasa', 'influenza tipe a']"
flu burung,['flu burung']
folikulitis,"['falikulitis superfisialis', 'folikulitis', 'folikulitis superfisialis', 'folikulitis barbae', 'folikulitis superfisial']"
furunculosis,"['furunkuloris', 'furunkulosis', 'furunculosis']"
gagal ginjal akut,"['gagal ginjal', 'insufisiensi ginjal', 'gagal ginjal akut']"
gagal ginjal kronis,"['gangguan ginjal khronik', 'gagal ginjal khronis', 'insufisiensi ginjal khronik', 'insufisiensi ginjal kronik', 'gagal ginjal akut kronik', 'gagal ginjal kronik', 'pasien gagal ginjal khronik']"
gagal jantung,"['gagal jantung', 'masalah jantung', 'gagal jantung kronik', 'gagal jantung kongesti', 'gagal jantung kongestif', 'gangguan jantung', 'infeksi jantung']"
gangguan endokrin,['gangguan endokrin']
gangguan ginjal,"['gangguan ginjal', 'gangguan ginjal prostat']"
gangguan hati,['gangguan hati']
gangguan kehamilan,"['kehamilan', 'komplikasi kehamilan', 'gangguan kehamilan']"
gangguan keseimbangan,"['gangguan keseimbangan', 'gangguan keseimbangan hormonal', 'gangguan hormonal']"
gangguan kulit,['gangguan kulit']
gangguan memori,"['gangguan memori tidur', 'gangguan memori']"
gangguan metabolik,"['gangguan vaskulo metabolik perifer akut khronik', 'gangguan vaskulo metabolik serebral akut khronik', 'gangguan metabolisme', 'gangguan metabolik', 'gangguan metabolisme otot jantung']"
gangguan muskuloskeletal,"['gangguan muskulosketal akut', 'gangguan muskuloskeletal akut', 'gangguan musculoskeletal akut gout akut', 'gangguan musculoskeletal akut']"
gangguan panik,['gangguan panik']
gangguan pencernaan,"['gangguan lambungusus', 'gangguan pencernaan fungsional', 'gangguan pada pencernaan', 'dispepsia gangguan pencernaan neurogenik', 'gangguan pencernaan neurogenik', 'gangguan pencernaan', 'gangguan lambung', 'dispepsiagangguan pencernaan', 'gangguan saluran cerna']"
gangguan pendengaran,['gangguan pendengaran']
gangguan peradangan okular,['gangguan peradangan okular']
gangguan pernapasan,"['gangguan saluran napa', 'gangguan saluran pernafasan kronik', 'gangguan saluran nafas kronis', 'sekretolitik gangguan saluran napa akut khronik', 'gangguan saluran nafas khronik', 'gangguan saluran pernapasan akut kronik', 'gangguan pernafasan akibat rokok', 'gangguan saluran pernafasan', 'gangguan saluran pernapasan', 'gangguan saluran napa akut khronik', 'gangguan pernapasan', 'gangguan saluran pernapasan alergi dermatologi serta gangguan inflamasi ocular', 'gangguan saluran pernafasan akut', 'gangguan pernafasan', 'gangguan saluran pernafasan disebabkan dahak mukus', 'gangguan saluran nafas akut', 'gangguan saluran pernafasan akut kronik', 'gangguan saluran nafas akut kronis', 'gangguan pernapasan akut kronis', 'gangguan di saluran pernafasan']"
gangguan prostat,['gangguan prostat']
gangguan saluran gastrointestinal,"['gangguan gi mual', 'gi', 'gangguan gi']"
gangguan saluran kemih,"['gangguan saluran kemih bagian bawah', 'gangguan saluran kemih bagian bawah berhubungan dengan hiperplasia prostat jinak']"
gangguan saraf,"['gangguan saraf', 'gangguan saraf perifer', 'gangguan sistem saraf tepi', 'gangguan sistem syaraf', 'gangguan sistem saraf perifer']"
gangguan serebral,"['gangguan serebrovaskular', 'gangguan serebral', 'serebrovaskular', 'gejala serebrovaskular']"
gangguan sirkulasi,"['gangguan sirkulasi darah otak', 'gangguan sirkulasi darah perifer', 'gangguan sirkulasi', 'gangguan sistem sirkulasi perifer', 'gangguan sirkulasi perifer', 'gangguan peredaran darah serebral perifer', 'gangguan peredaran darah', 'gangguan sirkulasi darah pembuluh darah tepi', 'gangguan peredaran darah kaki', 'gangguan aliran darah', 'kelainan sirkulasi perifer serebral', 'gangguan sirkulasi darah perifer serebral', 'gangguan sirkulasi serebralpada otak', 'gangguan sirkulasi serebral', 'gangguan sirkulasi serebral vestibular', 'gangguan peredaran darah perifer', 'gangguan sirkulasi serebral otak', 'gangguan peredaran darah otak perifer', 'sirkulasi serebral perifer', 'gangguan peredaran darah otak', 'gangguan peredaran darah kakivarises', 'gangguan sirkulasi perifer arteriopati organik', 'peredaran darah otak', 'sirkulasi perifer', 'arteriopati organik']"
gangguan spastik,"['gangguan spastik', 'gangguan spastik saluran genital wanita', 'gangguan spastik saluran kemih', 'gangguan spastik saluran cerna', 'gangguan spastik saluran empedu']"
gangguan tidur,"['sulit tidur', 'gangguan irama tidur', 'susah tidur', 'gangguan sulit tidur', 'gangguan tidur', 'gangguan ritme tidur']"
gangguan tropik,"['gangguan trofik', 'gangguan tropik']"
gangguan vestibular,"['gangguan vestibular', 'gangguan vaskular vestibular']"
gangrene,"['ganggren', 'gangrene']"
gastritis,"['ulkus gastritis', 'gastritis kronis', 'antasida gastritis', 'gastritis', 'gastritis kronik', 'gastritis kronik sd 8 minggu', 'gastritis tukak lambung tukak usus dua belas jari', 'gastritis alkoholisme khronik', 'gastristis', 'penuh lambung gastritis']"
gastroenteritis,"['gastroenteritis anak', 'gastroenteritis', 'gastroenteritis bayi']"
gastroparesis,"['gastroparesis akut dan berulang', 'gastroparesis diabetikum akut rekuren', 'gastroparesis', 'gastroparesis berulang', 'gastroparesis diabetikum', 'gastroparesis diabetikum akut berulang', 'gastroparesis akut berulang', 'gastroparesis akut']"
gatal,"['gatal', 'gatalgatal', 'gatal gatal', 'gatal tidak nyaman vagina', 'gatal2', 'urtikaria gatal gatal', 'gatalgatal kaki', 'gatal jamur kulit', 'rasa gatal', 'gatalgatal selasela jari kaki', 'sakit gigi gatal gatal', 'gatal dengan luka ringan', 'gatal kulit', 'gatalgatal disebabkan oleh infeksi jamur', 'inflamasi gatal gatal']"
gerd,"['gangguan refluks non erosive', 'esofagitis berat', 'refluks esofagitis erosif', 'rasa panas ulu hatikerongkongan akibat reflux esofagitis', 'reflux', 'esofagitis erosifulseratif', 'esofangeal', 'esofageal', 'reflux esofagitis', 'refluks esofagitis erosif atau ulseratif', 'nonerosive reflux disease nerd', 'reflux esophagitis sedang dan berat', 'refluks esofagitis erosifulseratif', 'refluks esofagitis', 'asofangeal', 'inflamasi esofagus', 'refluks', 'reflux gastroesofagitis', 'refluks esofagitis erosif ulseratif', 'gastroesophageal reflux disease gerd', 'refluks esofagitis berat', 'refluks gastroesofagus erosif', 'gerd', 'nonerosive reflux disease', 'simtomatik gerd', 'refluks esofagus', 'reflucks esofagitis', 'reflucks', 'refluks esophagitis', 'gastroesophageal reflux disease', 'reflux esofagitis erosifulseratif', 'inflamasi esofagus refluks esofagus', 'esofagitis erosif', 'refluks gastroesofagus yang erosif', 'reflux esophagitis sedang berat', 'refluks gastroesofagitis', 'refluks gastroesofagus']"
giardiasis,"['giardia', 'giardiasis', 'giardia lambliasis']"
gigi berlubang,['gigi berlubang']
gigitan serangga,"['gatalgatal akibat gigitan serangga dan nyamuk', 'gatal gigitan serangga', 'gatal  gatal gigit serangga', 'gatal akibat gigitan nyamukserangga', 'gatalgatal karena gigitan serangga', 'gatalgatal akibat gigitan serangganyamuk', 'digigit serangga', 'gigitan nyamuk', 'gigitan nyamukserangga', 'gatalgatal akibat digigit serangga', 'gigitan nyamuk  serangga', 'gatal karena gigitan serangga', 'gatal gigitan serangga dan nyamuk', 'gatal akibat digigit serangga', 'gatalgatal gigitan serangga nyamuk', 'serangga', 'gatalgatal karena gigitan serangga atau nyamuk', 'gatal akibat gigitan seranggga', 'gigitan nyamuk serangga', 'gatalgatal akibat gigitan serangga atau nyamuk', 'gigitan nyamuk bahkan nyamuk demam berdarah', 'gatalgatal akibat gigitan serangga nyamuk', 'gigitan nyamuk/serangga', 'gatal biang keringet udara panas gigitan serangga', 'gatal karena biang keringet udara panas gigitan serangga', 'gigitan serangga', 'gatal gigitan serangga nyamuk', 'gatalgatal akibat gigitan serangga', 'gatal akibat gigitan serangga', 'gatalgatal gigitan serangga', 'gatal gatal gigit serangga']"
glaukoma,"['glaukoma simplek kronis', 'glaukoma sudut  terbuka khronis', 'glaukoma sudut terbuka kronis', 'glaukoma sudut terbuka khronis', 'glaukoma', 'aphakic glukoma', 'glaukoma sudut  terbuka', 'glaukoma sudut terbuka', 'glaukoma sekunder', 'glaukoma sudut terbuka hipertensi okular', 'glaukoma sudut tertutup', 'glaukoma sudut  terbuka hipertensi okular', 'glukoma sudut terbuka kronis', 'glaukoma sudutterbuka', 'glukoma']"
gonore,"['eritritis pielonefritis gonore', 'gonorhea tidak terkomplikasi infeksi kulit jaringan lunak', 'n gonorrhoae', 'gonore tidak terkomplikasi', 'uretritis gonore', 'gonorrhea', 'go infeksi', 'gonorrhoeae', 'gonorrhoea acute tidak terkomplikasi', 'gonorrhoea tidak terkomplikasi', 'gonore akut', 'neisseria gonorrhoea', 'gogonorea tanpa komplikasi', 'gonore', 'gonorhea yang tidak terkomplikasi infeksi kulit dan jaringan lunak', 'gonore komplikasi', 'gonorrhoea', 'uretritis non gonore', 'gonorea', 'gonorea tanpa komplikasi', 'go', 'gonorrhoea akut tidak terkomplikasi', 'uretritis servisitis gonore', 'uretritis gonore servisitis komplikasi', 'n gonorrhoea', 'go akut', 'gonorrhea komplikasi']"
granuloma inguinale,['granuloma inguinale']
gusi bengkak,['gusi bengkak']
hematoma,['hematoma']
hepatitis,"['profilaksis infeksi hepatitis', 'hepatitis virus', 'hepatitis', 'hepatitis alkoholik', 'virus hepatitis b']"
hepatitis b,"['infeksi virus hepatitis b kronik', 'virus hepatitis b kronik', 'hepatitis b kronik']"
hernia,"['hernia', 'hernia peptik']"
hernia hiatus,"['hernia hiatus', 'hiatus hernia', 'hiatus', 'hiatus hernis']"
hernia nukleus pulposus,['hernia neukleus pulposus']
herpes,"['virus herpes', 'infeksi rekuren herpes labialis', 'herpes labialis']"
herpes genital (herpes simplex),"['infeksi virus herpes simpleks kulit selaput lendir', 'infeksi herpes simplex', 'supresi kekambuhan infeksi herpes simplex', 'herpes genital awal rekuren', 'herpes ginital', 'infeksi rekuren herpes genital', 'infeksi herpes simplex pada kulit', 'herpes genital awal', 'virus herpes simpleks', 'herpes simpleks kulit membran mukosa', 'herpes genital rekuren', 'pencegahan infeksi herpes simplex', 'herpes simplek pada kulit', 'infeksi awal herpes genital', 'herpes simplek kulit', 'infeksi herpes simpleks kulit', 'herpes genital berulang', 'herpes simplex dan zoster', 'herpes simpleks', 'infeksi virus herpes simplex kulit membran mukosa', 'lichen simplek', 'herpes simplex tipe 1  2', 'infeksi herpes simplex kulit', 'infeksi herpes simpleks pada kulit', 'herpes simplex zoster', 'rekuren', 'herpes genitalis', 'herpes simplex tipe 1 2', 'herpes genital', 'herpes simplex tipe 2', 'herpes genital awal dan rekuren', 'herpes ginital awal', 'herpes simplex', 'infeksi virus herpes simpleks pada kulit dan selaput lendir', 'infeksi virus herpes simpleks', 'herpes simplek', 'infeksi awal herpes labialis', 'infeksi virus herpes simpleks kulit membran mukosa', 'alergi kulit selaput lendir', 'herpes genital awal  rekuren', 'herpes simplex tipe 1']"
herpes zoster,"['herpes zoster', 'zoster', 'infeksi virus herpes zoster']"
hidung tersumbat,"['hidung tersumbat/gatal', 'tenggorokan hidung tersumbat', 'gatal hidung tenggorokan', 'gatal hidung', 'hidung berair tersumbat', 'tersumbat', 'hidung berair', 'hidung tersumbat bersinbersin', 'hidung tersumbat', 'hidung tersumbatgatal', 'pilek gatal hidung', 'hidung tersumbat pilek']"
hiperasiditas gastrointestinal,"['hiperasiditas kembung', 'hiperasiditas', 'hiperasiditas pencernaan', 'hiperasiditas gastrointestinal', 'hiperasiditas lambung saluran cerna', 'hiperasiditas lambung']"
hiperemesis gravidarum,"['hiperemesis gravidarum', 'hiperemesis gravidarum muntahmuntah 3 kehamilan', 'emesis gravidarum']"
hiperglikemia,['hiperglikemia']
hiperkalemia,['hiperkalemia']
hiperkolesterolemia,"['hiperkolesterol primer tipe iia', 'hiperkolesterolemia primer tipe iia', 'hiperko - lesterolemia', 'hiperkolesterolemia familial', 'hiperkoleterolemia primer', 'hiperkolesterolemia primer tipe', 'heterozigot familial', 'hiperkolsterolemia', 'hiperkolesterol primer', 'hiperkolesterolemia hip', 'hiperko lesterolemia', 'hiperkolesterolemia tipe iia', 'hiperkolesterolemia familial heterozigot', 'hiperkolesterolemia familial heterozigot homozigot', 'hiperkolesterolemia primer', 'hiperkolesterolemia']"
hiperlipidemia,"['hiperlipidemia kombinasi tipe iib ii', 'hiperlipidemia', 'hiperlipidemia kombinasi campuran', 'hiperlipidemia campuran', 'hiperlipidaemia']"
hiperparatiroidisme,['hiperparatiroidisme']
hiperpigmentasi,"['hiperpigmentasi melamin akibat pemakaian kontrasepsi oral', 'hiperpigmentasi', 'hiperpigmentasi melamin', 'hiperpigmentasi kulit', 'hiperpigmentasi melanin area kulit tidak']"
hipersekresi,"['hipersekreasi', 'hipersekresi asam lambung', 'hipersekreksi', 'hipersekresi']"
hipersekresi mukus,['hipersekresi mukus']
hipersekresi patologis,"['hipersekresi patologi', 'hipersekretori patologis', 'hipersekresiu patologik', 'hiperseresi patologis', 'hipersekrusi patologis', 'hipersekreasi patologis', 'hipersekretori patologikal', 'hipersekresi patologis lainnya', 'hipersekresi patologis']"
hipertensi,"['hipertensi esensial ringan', 'hipertensi dewasa', 'hipertensi berat', 'hipertensi nefrogenik', 'hipertensi renovaskuler', 'hipertensi essensial ringan', 'hipertensi ringan', 'hipertensi essensial', 'hipertensi maligna', 'hipertensi esensial', 'hipertensi', 'darah tinggi', 'hipertensi esensial renovaskular', 'tekanan tinggi pembuluh darah arteri paruparu']"
hipertensi okuler,"['hipertensi mata', 'hipertensi okular tidak responsif', 'hipertensi okular responsif', 'hipertensi okuler', 'hipertensi okular']"
hipertensi pulmonal,['hipertensi pulmonal']
hiperurisemia,"['hiperurisemia sekunder', 'hiperurisemia', 'hiperuresemia', 'hiperurisemia primer']"
hipoalbuminemia,['hipoalbuminemia']
hipokalemia,['hipokalemia']
hipomagnesemia,"['hipomagnesia', 'hipomagnesemia']"
hipoparatiroid,['hipoparatiroidisme']
hipotensi,"['hipotensi', 'hipotensi okuler']"
hirsutisme,"['hirsutisme', 'hirsutism']"
histoplasmosis,"['hiptoplasmosis', 'histoplasmosis']"
iktiosis,"['iktiosis kulit kering', 'ikhtiosis', 'iktiosis']"
ileus paralitik,['ileus paralitik']
impetigo,"['impetigo', 'impetigo furunculosis', 'impetigo kontagiosum', 'impetigo go komplikasi', 'impetigo kontagiosa']"
impotensi,"['impotensi', 'impoten', 'impoten pria']"
imunisasi,['imunisasi']
infark,"['infark', 'infark akut']"
infark jantung,['infark jantung']
infark miokard,"['infark miokard', 'infark miokardial', 'infark miokard akut', 'pasca infark miokard', 'infark miokad']"
infark otak,"['infark serebral', 'infark otak']"
infeksi,"['infeksi', 'infeksi lain', 'infkesi', 'infeksi serius', 'infeksi ringan', 'infeksi berat', 'infeksi berat terkomplikasi', 'infeksi lain disebabkan kuman gram sensitif', 'infeski', 'infeksi2', 'infeksi eksternal', 'infeksi akut', 'infeksi lainnya', 'infeksi ringan sedang', 'infeksi kandida mukosa lainnya', 'infeksi sedang']"
infeksi bakteri,"['infeksi bakteri fungi mulut tenggorokan', 'infeksi oleh bakteri', 'infeksi gram positif', 'infeksi bakteri anaerob', 'bakterial', 'bakteri gram positif', 'gram negatif', 'infeksi berat disebabkan bakteri gram', 'infeksi disebabkan oleh bakteri', 'bakteriuria asimptomatik pada masa hamil', 'bakteri gr  penyebab bakteremia', 'bakteri anaerob', 'infeksi bakteri dan fungi pada mulut dan tenggorokan', 'infeksi mikobakteri', 'infeksi serius bakteri anaerob', 'infeksi serius disebabkan bakteri anaerob sensitif', 'infeksi gr serius berat', 'bakteri', 'infeksi disebabkan bakteri anaerob', 'infeksi bakteri yang rentan', 'infeksi serius akibat bakteri anaerob', 'infeksi bakteri jamur fungi', 'infeksi serius disebabkan bakteri sensitif', 'infeksi bakteri sekunder bronkitis akut', 'infeksi gram positif gram negatif', 'infeksi staph', 'infeksi sekunder bakteri gram positif', 'infeksi bakteri dan jamur fungi', 'infeksi bakteri', 'infeksi gram', 'infeksi bakteri rentan', 'bakteri gr', 'infeksi bakteri lipatan kulit', 'bakteri gram negatif', 'infeksi berat disebabkan kuman gr gr', 'bakteriuria asimptomatik masa hamil', 'infeksi bakteri anaerob sensitif', 'infeksi bakterial sekunder', 'infeksi akibat bakteri saluran pernapasan', 'infeksi rentan berat', 'eksaserbasi bakterial akut', 'infeksi bakteri gram positif', 'infeksi disebabkan strain bakteri peka', 'infeksi bakterial mata', 'bakteri gr penyebab bakteremia', 'eritis bakterial', 'infeksi kandungan eritis bakterial', 'infeksi bakteri gr gr sal nafas', 'infeksi bakteri sekunder', 'infeksi akibat chlamydia trachomatis', 'infeksi mikobakterial tertentu', 'infeksi bakteri mycobacterium tuberculosis tbc', 'anaerob', 'bakteri endocarditis', 'infeksi anaerob', 'infeksi gram positif negatif', 'disebabkan oleh jamur bakteri mulut', 'staph', 'infeksi bakteri pada lipatan kulit', 'infeksi akibat bakteri', 'infeksi bakteri anaerob serius', 'infeksi bakteri gr gr  sal nafas', 'bakteri gram negativ', 'infeksi bakteri sensitif levofloxacin sinusitis', 'bakterial akut', 'infeksi bakteri sensitif moxifloxacin', 'infeksi akibat bakteri pencernaan', 'infeksi gram negatif', 'infeksi mikobakterial', 'infeksi disebabkan mikroorganisme gram positif gram negatif organisme memproduksi penisillinase', 'infeksi disebabkan oleh mikroorganisme gram positif gram negatif sensitif terhadap tetracyclin', 'infeksi akibat bakteri saluran kemih', 'infeksi gram positif serius berat']"
infeksi genital,"['infeksi genital', 'infeksi anogenital urethral', 'infeksi anogenital']"
infeksi gigi,['infeksi gigi']
infeksi ginjal,"['infeksi ginjal', 'pielonefritis', 'infeksi pada ginjal', 'pyelonephritis akut', 'pyelonephritis', 'pielonefritis akut', 'pielonefritis infeksi ginjal akut']"
infeksi helicobacter pylori,['infeksi bakteri helicobacter pylorus']
infeksi jamur,"['infeksi jamur kandidiasis', 'infeksi jamur', 'infeksi jamur tubuh', 'infeksi fungi', 'infesi jamur', 'jamur', 'infeksi jamur ring  worm kulit', 'infeksi jamur pada kulit dengan inflamasiperadangan', 'infeksi jamur fungi', 'infeksi akibat jamur', 'infeksi jamur sistemik', 'infeksi jamur ringworm kulit rambut kuku disebabkan microsporum epidermophyton trichophyton', 'infeksi jamur kulit kulit kepala kuku', 'infeksi jamur pada kulit kulit kepala dan kuku', 'infeksi jamur ringworm kulit  rambut kuku disebabkan microsporum  epidermophyton trichophyton', 'infeksi jamur kulit dengan inflamasiperadangan', 'infeksi jamur ring worm kulit', 'fungi', 'profilaksis infeksi jamur']"
infeksi jamur kuku,"['infeksi jamur kuku', 'infeksi jamur pada kuku']"
infeksi jamur kulit,"['infeksi jamur kulit', 'infeksi dermatofit', 'infeksi kuku kulit dermatofita', 'infeksi jamur lipatan kulit', 'infeksi di kulit  jaringan lunak', 'infeksi jamur kulit kepala', 'infeksi jamur pada kulit', 'infeksi dermatofita kuku kaki', 'infeksi dermatofita kulit kuku tangan', 'infeksi jamur pada kulit dan kuku', 'infeksi jamur kulit kuku', 'dermatofit', 'dermatofita']"
infeksi jamur rambut,['infeksi jamur rambut']
infeksi kuku,['infeksi kuku']
infeksi kulit,"['infeksi kulit struktur kulit ringan terkomplikasi', 'infeksi kulit lain', 'infeksi kulit membran mukosa lokal', 'infeksi kulit pioderma', 'infeksi kulit primer maupun sekunder', 'infeksi sekunder kulit', 'kulit jar lunak infeksi serius', 'infeksi kulit primer dan sekunder', 'infeksi jar lunak', 'infeksi kulit struktur kulit tak terkomplikasi', 'infeksi basah kering kulit bayi', 'pioderma dermatitis infeksi sekunder', 'infeksi kulit struktur kulit', 'infeksi kulit  jaringan lunak', 'infeksi sekunder luka terbuka', 'infeksi kulit termasuk herpes genital rekuren dan herpes labialis', 'infeksi kulit jaringan lunak', 'infeksi kulit struktur kulit tidak terkomplikasi', 'infeksi kulit lain karena organisme yang peka terhadap kloramfenikol', 'infeksi kulit struktur kulit komplikasi', 'infeksi sekunder pyoderma', 'infeksi kulit struktur kulit terkomplikasi', 'infeksi kulit kepala demartitis sebaroik ringan', 'infeksi kulit mukosa', 'pioderma gangrenosa', 'struktur kulit infeksi', 'infeksi kulit dan membran mukosa luar', 'infeksi kulit jar lunak', 'infeksi kulit dan jaringan lunak', 'infeksi kulit primer sekunder', 'infeksi kulit dan struktur kulit', 'infeksi jarang lunak', 'infeksi kulit dan membran mukosa lokal', 'infeksi kulit strukturnya tanpa komplikasi', 'infeksi kulit dan struktur kulit tak terkomplikasi', 'infeksi jaringan lunak', 'infeksi serius jaringan lunak kulit', 'infeksi kulit jar lunak terkomplikasi', 'kulit infeksi', 'infeksi kulit primer', 'infeksi kulit termasuk herpes genital rekuren herpes labialis', 'infeksi kulit lainnya', 'infeksi kulit', 'mikosis kulit lain', 'infeksi kuku kulit', 'infeksi pada kulit', 'pioderma', 'infeksi kulit kepala', 'infeksi mikotik kulit', 'infeksi mikotik kulit disebabkan candida albikans', 'infeksi kulit termasuk herpes genital rekuren', 'infeksi primer sekunder', 'lesi kulit traumatik infeksi sekunder', 'infeksi kulit membran mukosa luar', 'terapi infeksi kulit', 'infeksi kulit lain organisme peka terhadap kloramfenikol', 'infeksi kulit primer akut', 'infeksi kulit dan jar lunak', 'infeksi jaringan lunak kulit', 'infeksi kulit dan jaringan lunak tanpa komplikasi', 'infeksi kulit dan strukturnya tanpa komplikasi', 'infeksi jaringan', 'lesi kulit dengan infeksi primer sekunder oleh bakteri streptokokus', 'infeksi kulit jaringan lunak tanpa komplikasi', 'infeksi struktur kulit', 'pioderma primer sekunder', 'pyoderma', 'infeksi kulit jelunak', 'infeksi kulit jaringan luka', 'infeksi kulit sekunder']"
infeksi lambung,['infeksi lambung']
infeksi luka,"['infeksi luka iris ringan minor', 'luka terinfeksi', 'infeksi luka', 'luka dengan infeksi']"
infeksi mata,"['infeksi eksternal bola mata struktur terkait', 'infeksi mata disebabkan oleh bakteri gram negatif', 'infeksi okular', 'infeksi eksternal mata', 'infeksi mata eksternal bola mata', 'infeksi mata okular', 'infeksi mata', 'infeksi pada mata', 'infeksi ocular']"
infeksi mulut,"['infeksi jamur fungi rongga mulut tenggorokan', 'infeksi mulut', 'infeksi rongga mulut', 'infeksi jamur dalam rongga mulut', 'infeksi jamur rongga mulut']"
infeksi paru-paru,"['infeksi paru', 'infeksi paru-paru']"
infeksi pasca operasi,"['luka paska operasi', 'infeksi luka operasi', 'infeksi pasca operasi', 'infeksi operasi', 'infeksi operasi esofangeal']"
infeksi pelvis,['infeksi pelvis']
infeksi perut,['infeksi perut']
infeksi protozoa,['infeksi protozoa']
infeksi rahim,['infeksi rahim']
infeksi salmonella,"['infeksi salmonella', 'infeksi disebabkan salmonella sp', 'infeksi disebabkan oleh salmonella sp', 'infeksi salmonele', 'infeksi salmonella spp', 'infeksi salmonella sp sp', 'salmonelosis infeksi urogenital', 'salmonellosis', 'infeksi disebabkan oleh salmonella', 'salmonella', 'infeksi yang disebabkan oleh salmonella', 'salmonella sp', 'infeksi disebabkan salmonella', 'salmonelosis  infeksi urogenital', 'infeksi yang disebabkan oleh salmonella sp', 'salmonelosis', 'infeksi salmonella sp']"
infeksi saluran kelamin,"['kelamin infeksi', 'infeksi kelamin', 'infeksi sal kelamin']"
infeksi saluran kemih,"['infeksi saluran kelamin', 'infeksi traktus genitourinary', 'infeksi saluran gl', 'komplikasi infeksi saluran kemih', 'infeksi saluram urinarius', 'infeksi saluran kemih komplikasi', 'infeksi urogenital', 'infeksi bakteri saluran kemih', 'complicated urinary tract infection', 'infeksi traktus urinarius', 'isk', 'infeksi saluran kemih dengan komplikasi', 'isk terkomplikasi pielonefritis akut', 'infeksi saluran urogenital', 'isk komplikasi', 'infeksi saluran kemih akut komplikasi', 'saluran kemih kelamin infeksi kulit jaringan lunak', 'infeksi pada saluran kemih', 'infeksi sal urogenital kemih kelamin', 'infeksi saluran kemih tidak terkomplikasi disebabkan escherichia coli proteus mirabilis', 'infeksi saluran kemih akut', 'isk terkomlikasi', 'infeksi saluran urin', 'infeksi saluran kemih dan kelamin', 'infeksi saluran kemih tanpa komplikasi', 'infeksi saluran genitourinary', 'infeksi saluran kemih  kelamin', 'infeksi saluran kemih kecuali prostatitis', 'infeksi akut non komplikata saluran kemih bagian bawah', 'kelamin infeksi kulit jaringan lunak', 'infeksi sal kemih', 'infeksi saluran kemih', 'infeksi saluran kemih kompleks complicated urinary tract infection', 'infeksi traktus urinarius pielonefritis', 'saluran kemih organ genital wanita', 'infeksi saluran kemih kelamin', 'infeksi saluran kemih kompleks', 'infeksi di saluran kemih', 'infeksi saluran urinarius', 'isk pielonefritis ringan', 'saluran kemih kelamin infeksi', 'infeksi saluran genitourinari', 'infeksi saluran genitourinaria', 'infeksi saluran kemih bagian bawah', 'isk terkomplikasi', 'infeksi sal gl', 'infeksi saluran kencing']"
infeksi saluran pencernaan,"['lesi di saluran pencernaan', 'infeksi sistem pencernaan', 'infeksi saluran pencernaan', 'infeksi intraabdomen dengan komplikasi', 'infeksi intraabdomen komplikasi', 'infeksi saluran cerna tifoid paratifoid', 'sal cerna tifoid paratifoid', 'infeksi abdomen', 'infeksi gut', 'infeksi intra abdomen komplikasi', 'infeksi pencernaan', 'infeksi intraabdominal', 'infeksi intraabdomen', 'infeksi intra abdomen', 'infeksi saluran cerna', 'infeksi sal cerna', 'infeksi pernafasan saluran cerna', 'proteus mirabilisinfeksi saluran pencernaan', 'lesi saluran pencernaan']"
infeksi saluran pernapasan,"['infeksi saluran napas atas  bawah', 'infeksi saluran nafas bagian atas dan bawah', 'infeksi sal nafas atas', 'infeksi mikroorganisme peka tht', 'infeksi bakteri saluran pernafasan', 'infeksi saluran nafas dan tht', 'infeksi ringan  sedang sal nafas bawah dan atas kulit dan struktur kulit phs', 'infeksi saluran nafas khronik', 'infeksi sal nafas atas bawah', 'infeksi saluran napas atas', 'infeksi serius saluran nafas bag bawah', 'infeksi traktus respiratorius', 'saluran napas akut', 'infeksi saluran nafas', 'infeksi saluran nafas atas dan bawah', 'infeksi saluran napa', 'infeksi saluran nafas kulit jaringan lunak', 'infeksi sal', 'infeksi saluran nafas tht', 'infeksi sal nafas', 'infeksi saluran nafas akut khronik', 'infeksi saluran pernfasan bagian atas bawah', 'infeksi saluran nafas bawah', 'infeksi saluran nafas bagian atas bawah', 'infeksi saluran pernapasan bagian atas', 'infeksi saluran napa akut kronik', 'infeksi serius saluran nafas bag bwh', 'infeksi saluran nafas bawah dan atas', 'infeksi tht', 'infeksi saluran pernapasan bawah', 'infeksi tht faringotonsilitis', 'infeksi sal nafas bawah', 'infeksi sal pernafasan atas', 'infeksi saluran napas', 'infeksi saluran pernapasan atas  bawah', 'infeksi ringan sedang sal nafas bawah atas kulit struktur kulit phs', 'infeksi saluran nafas kronik', 'infeksi saluran napas atas bawah', 'infeksi saluran napas atas dan bawah', 'infeksi saluran pencernaan saluran kemih', 'infeksi berat sal nafas', 'infeksi saluran nafas dan bawah', 'infeksi saluran pernafasan bagian bawah', 'infeksi saluran nafas akut dan khronik', 'infeksi saluran pernapasan', 'infeksi sal nafas atas dan bawah', 'infeksi saluran napas bawah', 'infeksi saluran pernapasan atas bawah', 'tht', 'infeksi saluran pernapasan atas', 'infeksi sal nafas kulit', 'infeksi virus sal napa', 'infeksi saluran nafas atas bawah', 'infeksi saluran pernafasan bagian atas  bawah', 'infeksi sal nafas lainnya', 'infeksi saluran nafas akut dan kronik', 'infeksi saluran nafas akut kronik', 'infeksi saluran pernapasan atas dan bawah', 'sal nafas kecuali pneumonia strep', 'infeksi serius saluran nafas', 'infeksi saluran nafas bawah atas', 'infeksi saluran napa akut', 'infeksi serius disebabkan bakteri sensitif infeksi saluran nafas bawah', 'infeksi sal nafas bakteri gr', 'saluran nafas akut kronik', 'infeksi saluran pernafasan', 'infeksi ringan saluran nafas', 'infeksi saluran pernafasan bagian atas', 'infeksi sal napa', 'infeksi pernafasan', 'infeksi saluran nafas kecuali pneumonia strep hemolitikus', 'infeksi saluran pernafasan bagian atas bawah', 'infeksi saluran nafas kulit dan jaringan lunak', 'saluran nafas atas', 'infeksi saluran nafas akut', 'infeksi saluran nafas atas', 'infeksi saluran pernafasan bawah']"
infeksi sekunder,"['komplikasi infeksi sekunder', 'infeksi sekunder']"
infeksi selaput lendir mulut,['infeksi selaput lendir mulut']
infeksi sendi,['infeksi sendi']
infeksi staphylococcus,"['infeksi disebabkan staphylococcus', 'staphylococci', 'staphyloccocus aureus', 'lesi kulit dengan infeksi primer sekunder oleh bakteri stafilokokus', 'luka terinfeksi disebabkan oleh staphylococcus aureus', 'staphylococcus', 'staphylococcusa aureus', 'staphylococcus aureus', 'infeksi serius staph', 'bakteri staph', 'infeksi staphylococcus']"
infeksi streptococcus,"['streptococcus pyogenes', 'luka terinfeksi disebabkan oleh streptococcus pyogenes', 'hemolitikus', 'streptococcus epidermidis', 'streptococcus viridans', 'strep hemolitikus', 'strep', 'infeksi streptococcus', 'streptococci', 'streptococcus hemolyticus', 'streptococcus faecalis', 'infeksi strep', 's pyogenes', 'streptococcus', 'streptococus']"
infeksi telinga,"['infeksi telinga hidung tenggorokan', 'infeksi telinga', 'inteksi tulang', 'infeksi rongga telinga']"
infeksi tulang,"['infeksi tulang sendi', 'infeksi tulang', 'infeksi tulang persendian']"
infeksi urethral,['infeksi urethral']
infeksi usus,"['infeksi usus', 'infeksi traktus gastrointestinal']"
infeksi vagina,"['infeksi vagina campuran trichomonas vaginalis candida albicans', 'infeksi vagina campuran', 'trichomonas vaginalis candida albicans', 'infeksi vagina', 'infeksi vagina disebabkan trichomonas vaginalis', 'candida albikans', 'infeksi vagina disebabkan candida albicans', 'candida albicans']"
infeksi virus,['infeksi virus']
inflamasi,"['keadaan inflamasi', 'inflamasi bentuk degeneratif reumatik', 'inflamasi degeneratif', 'inflamasi', 'inflamasi lokal']"
inflamasi kulit,['inflamasi kulit']
inflamasi mata,"['inflamasi bola mata eksternal anterior', 'inflamasi mata', 'penyakit inflamasi bola mata eksternal anterior']"
inflamasi okular,"['inflamasi gangguan ocular', 'inflamasi okular', 'inflamasi peradangan okular', 'gangguan inflamasi ocular']"
inflamasi pasca operasi,"['inflamasi paska operasi katarak', 'radang pasca operasi katarak', 'inflamasi pasca operasi', 'inflamasi paska operasi']"
inflamasi pelvis,['inflamasi pelvis']
inflamasi trauma,"['inflamasi trauma', 'inflamasi traumatik']"
inkontinensia tinja,['inkontinensia tinja']
inkontinensia urine,['inkontinensia urin']
insomnia,['insomnia']
insufisiensi koroner,"['insufisiensi koroner', 'insufisiensi koroner kronik']"
insufisiensi vena,['insufisiensi vena']
intertrigo,"['intergo', 'intertrigo']"
intoleransi makanan,"['intoleransi terhadap makanan', 'intoleransi terhadap makanan salah cerna']"
intoleransi obat,"['intoleransi terhadap obat sitotoksik', 'intoleransi obat']"
intra abdominal,['intra abdominal']
iritasi,"['iriasi', 'iritasi ringan', 'iriasi ringan', 'iritasi', 'teriritasi lingkungan']"
iritasi hidung,"['iritasi hidung minor', 'iritasi hidung ringan', 'iriasi hidung', 'iritasi hidung']"
iritasi kulit,['iritasi kulit']
iritasi mata,"['iritasi mata ringan', 'iritasi minor mata', 'iritasi mata', 'iriasi mata', 'iritasi ringan mata']"
iritasi mulut,"['iritasi mulut', 'iritasi ringan mulut']"
iritasi saluran pernapasan,"['iritasi membran mukosa saluran nafas', 'iritasi saluran nafas lainnya', 'iritasi membran mukosa']"
iritasi usus,['iritasi usus']
iskemia,"['iskemia', 'iskemia miokardial', 'iskemia ulkus', 'iskemia miokard']"
jamur kulit,"['jamur pada kulit', 'jamur lipatan kulit', 'jamur kulit']"
jerawat,"['aknejerawat berisi nanah', 'jerawat berisi nanah', 'jerawat berat', 'jerawat parah', 'jerawatakne vulgaris', 'jerawat bisul', 'jerawat', 'infeksi jerawat']"
jerawat batu,['jerawat batu']
kaku otot sendi,"['kaku', 'kekakuan sendi', 'rasa kaku otot']"
kandidemia,['kandidemia']
kandidiasis kulit,"['kandidiasis kulit', 'kandidasis kutan']"
kandidiasis mukosal,"['kandidiasis mukokutan kulit mukosa khronik', 'kandidiasis mukokutan kulit  mukosa khronik', 'kandidiasis mukokutan kronis', 'kandidiasis mukokutan khronis', 'kandidiasis mukokutan kulit mukosa khronik tidak responsif nistatin obat kandidiasis vaginal', 'kandidiasis mukosal', 'kandidiasi mukosa', 'kandidiasis mukokutan kulit  mukosa khronik tidak responsif nistatin obat kandidiasis vaginal']"
kandidiasis oral,"['kandidiasis rongga mulut', 'infeksi orofaringeal', 'kandidiasis mulut dermatomikosis', 'kandidiasis orofaringe', 'kandidiasis oral', 'orofaringeal', 'kandidiasis mulut', 'kandidiasis orofaringeal', 'kandidiasis oral infeksi jamur rongga mulut', 'atopik oral kandidiasis', 'kandidiasis orofaringeal esofageal', 'kandidosis oral', 'kandidiasis orofaringeal  esofageal']"
kandidiasis vaginalis,"['kandidiasis vaginal', 'kandidiasis vagina', 'kandidosis vaginal', 'kandidiasis vulvovaginal']"
kanker,"['kanker', 'nyeri kanker', 'pasien kanker', 'sel kanker', 'kanker emetogenik', 'penyakit kanker']"
kanker darah,['kanker darah']
kanker hati,['kanker hati']
kanker kandung kemih,['kanker kandung kemih']
kanker lambung,['kanker lambung']
kanker paru-paru,"['kanker paru', 'kanker paru paru']"
kanker payudara,"['kanker payu dara', 'kanker payudara stadium lokal lanjutmetastasis', 'kanker payudara stadium lanjut', 'karsinoma payudara', 'kanker payudara', 'kanker payudara stadium dini']"
kanker prostat,['kanker prostat']
kanker rahim,['kanker rahim']
kanker tenggorokan,['kanker tenggorokan']
kapalan,"['kapalan', 'kalos kapalan', 'kalus kapalan']"
kardiomiopati,['cardiomiopati obstruktif hipertrofik']
katarak,"['katarak', 'katarak sinilis', 'katarak senilis', 'mata katarak']"
kejang,"['kejang otot', 'kejang', 'kejang bronkus']"
kelahiran prematur,"['prematur', 'ancaman kelahiran prematur']"
kelainan darah,['kelainan darah']
kelainan kulit,"['kelainan kulit', 'kelainan kulit alergis kronis']"
kelainan muskuloskeletal akut,['kelainan muskuloskeletal akut']
kelainan periodontal,['kelainan periodontal']
kelainan saraf,['kelainan saraf']
kelebihan asam lambung,"['gejala berhubungan kelebihan asam lambung', 'kelebihan asam lambung']"
kencing manis,['kencing manis']
keputihan,"['gatal akibat keputihan', 'keputihan']"
keracunan,['keracunan']
keracunan alkohol,"['intoksinasi alkohol', 'keracunan alkohol']"
keracunan darah,"['keracunan darh oleh bakteri patogenik', 'keracunan darah', 'keracunan darh bakteri patogenik', 'septikemia keracunan darah bakteri', 'septikemia keracunan darah bakteri patogenik zat zat dihasilkan bakteri']"
keracunan hati,['keracunan hati']
keracunan obat,"['keracunan parasetamol', 'keracunan obat']"
keratitis,"['keratitis bakterial', 'keratitis akibat infeksi virus superfisial', 'keratitis', 'keratitis metaherpetikum', 'keratitis fungal', 'keratitis dendritis', 'keratitis superfisial nonspesifik', 'keratitis kronik', 'keratitis jamur', 'fungal keratitis', 'keratitis gangguan peradangan okular', 'keratitis akut', 'keratitis metaherpetikum erosi kornea virus herpes']"
keratokonjungtivitis,"['keratokonjungtivitis sicca', 'keratokonjungtivitis']"
keratosis pilaris,['keratosis pilaris']
keseleo,"['keseleo tegang', 'memar keseleo', 'kesleo', 'sprains keseleo', 'sprains', 'sprain', 'keseleo terkilir', 'keseleo']"
kesemutan,['kesemutan']
ketombe,"['ketombe', 'ketombe disebabkan pytirosporum ovale', 'ketombe dikulit kepala']"
kista,"['kista', 'miom kista']"
klaudikasio intermiten,"['klaudikasio intermiten', 'klaudikasi intermiten']"
kolera,['kolera']
kolesterol,"['kolesterol ldl', 'kolesterol jahat', 'kolesterol total', 'kolesterol']"
kolik,"['kolik', 'sakit kolik', 'nyeri kolik', 'kholik', 'kolik empedu', 'kolik abdomen']"
kolik ginjal,"['kolik empedu ginjal', 'kolik ginjal empedu', 'kolik ginjal']"
kolik kandung kemih,"['kolik kandung kemih', 'kolik ginjal kandung kemih']"
koma,"['koma hepatic', 'koma hepatik', 'prekoma hepatik', 'sistemik prekoma', 'pre koma hepatik', 'prekoma', 'koma']"
komedo,"['komedo', 'peradangan dengan komedo']"
komplikasi paru pasca bedah,['komplikasi paru pasca bedah']
konjungtivitis,"['konjungtivitas', 'konjungtivitis infeksi e', 'konjungtivitis alergi', 'konjungtivitis', 'konjungtivitis nonpurulen akut kronis', 'konjungtivitis alergi radang selaput ikat mata akibat alergi', 'konjungtivitis nonpurulen', 'konjungktivitis', 'konjungtivitis infeksi bakteri', 'konjungtivitis folikular', 'konjungtivitis bakterial', 'konjungtivitis vernal']"
konstipasi,"['konstipasi akut kronik', 'konstipasi superscript', 'konstipasi kronik', 'konstipasi kronis', 'konstipasi akut', 'konstipasi', 'konstipasi atoni']"
kram ,"['kram', 'kram nokturnal']"
kram otot,"['nyeri spasme kram otot polo', 'spasme kram otot', 'kram otot', 'spasme otot']"
kram perut,"['kram perut disebabkan oleh menstruasi dysmenorrhea', 'sakit kram perut', 'kram perut']"
kram saluran kemih,['kram saluran kemih kelamin']
kram saluran pencernaan,"['kram saluran cerna', 'kram saluran cerna pylorus']"
kriptokokal,['kriptokokal']
kriptokokosis,"['kriptokokosis kandidemia', 'kriptokokosis non meningeal', 'kriptokokosis nonmeningeal', 'kriptokokosis']"
kriptosporidiosis,"['kriptosporidiosis', 'cryptosporidiosis']"
kudis,"['scabies', 'panu kadas', 'scabiei', 'kadas', 'skabies', 'terapi infestasi sarcoptes scabies scabies', 'scabies kudis', 'kudis']"
kulit kering,['kulit kering']
kurap,"['kurap', 'kadaskurap']"
kutil,"['kutil kalus', 'kutil']"
kutu air,"['tinea pedis manum', 'kutu air rangen', 'tinea pedis kutu air', 'kutu air', 'rangen', 'tinea pedis', 'tinea manus pedis']"
kutu badan,['kutu badan']
kutu rambut,['kutu rambut']
labirinitis,"['labirinitis', 'sindroma meniere labirinitis']"
lambliasis,['lambliasis']
laringitis,"['laryngitis', 'laringitis']"
leher pegal dan kaku,"['leher kaku bahu', 'leher kaku', 'pegal leher', 'leher kaku terkilir']"
lepra,['lepra']
leptospirosis,['leptospirosis']
lesi,"['lesi akut', 'lesi khronik']"
lesi kulit,"['lesi2 kulit lainnya', 'lesi2 kulit', 'lesi kulit']"
lesi mukosa,"['lesi mukosa akibat trauma', 'lesi mukosa']"
lesi mulut,['lesi inflamasi oral']
lichen planus,"['likhen planus erosif', 'lichen planus', 'liken planus', 'likhen planus']"
limfogranuloma inguinale,['limfogranuloma inguinale']
luka,"['luka minor', 'luka', 'luka kronik']"
luka bakar,"['luka bakar ringan', 'luka bakar akibat bahan kimia', 'luka bakar terinfeksi', 'luka bakar']"
luka tusuk,['luka tusuk']
luka usus,"['luka usus duodenal', 'luka lambung usus', 'luka usus']"
lupus,"['lupus eritematosus diskoid', 'lupus eritematosus discoid', 'lupus eritematosus', 'lupus', 'lupus eritematosus diskoid kondisi tidak respon kortikosteroid aktif', 'lupus eritemmantosus', 'lupus eritematosus diskoid tidak respon kortikosteroid aktif']"
lymphogranuloma,"['limfogranuloma', 'lymphogranuloma']"
lymphomagranuloma,['lymphomagranuloma']
mabuk perjalanan,"['mabuk kendaraan', 'mabuk', 'pencegahan mabuk perjalanan', 'mabuk perjalanan', 'mabuk karena kendaraan']"
makrosomia,['makrosomia']
malaria,"['serangan akut malaria falciparum resisten klorokuin', 'malaria falciparum', 'pencegahan malaria', 'malaria']"
masuk angin,"['masuk angin', 'gejala masuk angin']"
mata gatal,"['okular gatal terbakar', 'gatal mata', 'gatal terbakar mata', 'gatal panas mata']"
mata ikan,['mata ikan']
mata kering,"['kekeringan mata', 'sindroma mata kering', 'mata kering']"
mata lelah,['mata lelah']
mata merah,"['kemerahan mata', 'mata merah', 'iritasi mata merah', 'peradangan mata merah']"
melasma,"['melasma derajat sedang hingga berat', 'melasma']"
memar,"['memar akibat kecelakaan', 'terkilir memar', 'memar', 'memar benturan', 'luka memar']"
meningitis,"['meningitis kriptokokal', 'bakteri gram negatif penyebab bakteria meningitis', 'infeksi meningeal', 'infeksi meningen', 'bakteria meningitis', 'kuman gram negatif penyebab meningitis bakteremia', 'bakteri gr menyebabkan meningitis', 'bakteri gr  menyebabkan meningitis', 'meningitis', 'gram negatif menyebabkan bakteremia meningitis', 'tuberkulosis meningitis', 'meningitis bakteri gram negatif', 'meningitis nontbc', 'bakteremia meningitis', 'meningitis disebabkan bakteri gram negatif', 'meningitis bakteremia']"
menopause,"['menopause', 'gangguan pasca menopause']"
meriang,"['sumeng meriang', 'badan meriang', 'meriang']"
mialgia,['mialgia']
migrain,"['migrain', 'serangna migren akut', 'migraine', 'migrain akut', 'migren akut', 'migraine akut', 'migren']"
mikosis,"['mikosis mulut kulit kandida', 'mikosis kulit dermatofita', 'mikosis', 'infeksi mikosis sistemik', 'mikosis sistemik', 'mikosis interdigitalis']"
milia,['milia']
miom,['miom']
molluscum contagiosum,"['molluscum contagiosum', 'moluskum kontagiosum']"
morning sickness,['morning sickness']
mual,"['hiperasiditas mual', 'mual', 'mual akibat radiasi', 'gejala mual', 'rasa mual', 'perut mual', 'pening mual', 'mual akut']"
mual muntah,"['mual muntah akibat penggunaal levodopa bromokriptin', 'mual dan muntah akibat radioterapi', 'mual muntah akut', 'mual pagi hari', 'mual muntah obat', 'mual muntah disebabkan oleh obat', 'mual muntah anak2 akibat kemoterapi radioterapi', 'mual dan muntah pada anak2 akibat kemoterapi  radioterapi', 'mualmuntah paska operasi', 'mual  muntah akut', 'mual dan muntah', 'mual muntah pasca operasi', 'mual dan muntah yang dipicu oleh radioterapi', 'mual dan muntah yang disebabkan oleh obat', 'mual muntah dipicu oleh radioterapi', 'mual di pagi hari', 'mual muntah akibat obat', 'mual  muntah yang disebabkan kemoterapi  radioterapi untuk kanker', 'mual dan muntah akibat kemoterapi  radioterapi', 'mual paska operasi', 'mual muntah kemoterapi', 'mual dan muntah yang diinduksi obat kemoterapi sitotoksik', 'mual dan muntah pada anak akibat kemoterapi dan radioterapi', 'mual muntah kemoterapi radioterapi', 'mual dan muntah akibat obat', 'mual muntah disebabkan radioterapi untuk kanker', 'mual atau muntah', 'mual dan muntah yang disebabkan kemoterapi', 'mual muntah radioterapi', 'mual dan muntah yang disebabkan radioterapi untuk kanker', 'mual muntah', 'mual dan muntah karena radioterapi', 'mual atau muntah pasca operasi', 'mual dan muntah akut', 'mual dan muntah akibat kemoterapi', 'mual meriang', 'mual dan muntah karena obat', 'mual dan muntah pasca pembedahan', 'mual dan muntah pasca operasi', 'mual muntah pasca pembedahan', 'mual muntah kehamilan', 'mual muntah akibat radioterapi', 'mual muntah akibat kemoterapi radioterapi', 'mual dan muntah karena kemoterapi dan radioterapi', 'mual muntah akibat kemoterapi', 'mual dan muntah akibat kemoterapi dan radioterapi', 'mual muntah diinduksi obat kemoterapi sitotoksik', 'mual muntah disebabkan kemoterapi', 'mual muntah akibat gangguan metabolik pasca operasi', 'maul akut', 'mual muntah disebabkan kemoterapi radioterapi untuk kanker', 'mual dan muntah paska operasi', 'mual muntah paska operasi', 'mual muntah anak akibat kemoterapi radioterapi', 'mual dan muntah karena kemoterapi', 'maul', 'mual muntah kemoterapi emetogenik', 'mual  muntah yang disebabkan kemoterapi', 'mual dan muntah akibat penggunaal levodopa dan bromokriptin', 'mual  muntah']"
mulut kering,['mulut kering']
muntah,"['muntah saat hamil', 'muntahmuntah bromokriptin', 'muntahmuntah karena levodopa', 'muntah dalam perjalanan', 'muntah akut', 'muntah muntah', 'muntah  muntah', 'muntah ringan', 'muntah', 'muntah dalam perjalanan yang diderita jika mempergunakan kendaraan bermotor kapal kereta api atau pesawat udara', 'muntah paska anestesi', 'muntahmuntah', 'mual paska anestesi', 'muntah saat perjalanan', 'muntah kehamilan', 'maul akut muntahmuntah', 'muntah pada kehamilan', 'muntahmuntah karena bromokriptin', 'muntah pasca operasi', 'muntah paska operasi', 'muntahmuntah levodopa', 'muntah dalam perjalanan diderita jika mempergunakan kendaraan bermotor kapal kereta api pesawat udara']"
myasthenia gravis,"['myasthenia gravis', 'miastenia gravis']"
myositis,"['myositis', 'miositis']"
nefropati,['nefropati']
nefropati diabetik,['nefropati diabetik']
neuralgia,['neuralgia']
neuritis,"['neuritis neuralgia', 'neuritis perifer', 'neuritis', 'neuritis reumatik', 'neuritis kehamilan']"
neuritis optik,"['neuritis optika', 'neuritis optik']"
neurodermatitis,"['neurodermatitis kontak', 'neurodermatitis lokalisata', 'neurodermatitis', 'neuro-dermatitis']"
neuropati,"['neuropati vagal diabetikum', 'neuropati']"
neuropati diabetik,"['neuropati diabetik', 'neuropati diabetika']"
neuropati perifer,['neuropati perifer']
nistagmus,['nistagmus']
nyeri,"['nyeri sedang berat', 'rasa nyeri', 'rasa nyeri akut', 'sakit nyeri ringan', 'nyeri sakit', 'nyeri akibat memar', 'nyeri lain', 'nyeri ringan', 'rasa nyeri kronik', 'nyeri akut derajat berat', 'sakitnyeri', 'nyeri kronis akut', 'nyeri akut', 'nyeri berat', 'nyeri', 'meredakan rasa nyeri']"
nyeri bahu,"['nyeri otot bahu', 'nyeri bahu', 'nyeri otot leher bahu punggung', 'rasa sakit otot bahu']"
nyeri cedera,"['nyeri terkilir', 'nyeri cedera', 'nyeri akibat terkilir terpukul']"
nyeri gigi,"['meredakan nyeri gigi ringan', 'nyeri gigi', 'nyeri gigi ringan hingga sedang', 'nyeri gigi sedang', 'nyeri gigi ringan']"
nyeri inflamasi,['nyeri inflamasi']
nyeri kaki,['nyeri kaki']
nyeri kepala,['nyeri kepala']
nyeri lambung,"['nyeri lambung', 'nyeri paroksismal lambung usus halus', 'nyeri paroxismal lambung', 'nyeri paroksismal penyakit lambung usus halus', 'nyeri paroxismal usus halus', 'nyeri paroxismal lambung usus halus', 'nyeri paroksismal']"
nyeri leher,"['sakit otot leher pundak', 'nyeri leher', 'nyeri otot leher', 'sakit otot leher', 'rasa sakit leher']"
nyeri lutut,['nyeri lutut']
nyeri muskuloskeletal,"['nyeri muskuloskeletal lain', 'nyeri muskuloskeletal', 'nyeri muskuloskeletal akut', 'nyeri muskuloskeletal kronis', 'nyeri musculoskeletal akut', 'nyeri muskuloskeletal kronik']"
nyeri otot,"['nyeri otot', 'nyeri ringan sedang otot', 'nyeri otot olahraga', 'rasa sakit otot olahraga']"
nyeri pasca bedah,"['nyeri paska bedah', 'nyeri lokal paska bedah mulut', 'nyeri paskabedah', 'nyeri pascabedah']"
nyeri pasca operasi,"['nyeri setelah traumapasca operasi', 'nyeri operasi', 'nyeri paska operasi', 'nyeri sesudah operasi', 'nyeri pasca operasi pasca bedah gigi tulang', 'setelah operasi', 'nyeri yang muncul setelah operasi', 'meredakan nyeri pasca operasi', 'nyeri muncul setelah operasi', 'nyeri pasca bedah', 'nyeri akut pembedahan gigi', 'nyeri pasca operasi derajat', 'nyeri cabut gigi', 'nyeri perut sehabis operasi', 'nyeri pasca operasi', 'nyeri sehabis melahirkan', 'sakit setelah operasi', 'nyeri inflamasi pasca op', 'nyeri sesudah pembedahan', 'nyeri pasca op', 'pencabutan gigi nyeri operasi', 'nyeri pasca operasi cabut gigi', 'nyeri sehabis operasi']"
nyeri pasca partum,"['nyeri pasca partum', 'pasca partum']"
nyeri pasca trauma,"['nyeri setelah traumatik', 'nyeri traumatik', 'nyeri pasca trauma', 'nyeri trauma operasi', 'nyeri trauma', 'nyeri inflamasi pasca trauma terkilir', 'nyeri akibat trauma', 'nyeri inflamasi pasca trauma']"
nyeri pasca vaksinasi,['nyeri pasca vaksinasi']
nyeri perut,['nyeri perut']
nyeri pinggang,"['nyeri pinggang', 'nyeri otot pinggang']"
nyeri pundak,['nyeri pundak']
nyeri punggung,"['nyeri tulang punggung', 'nyeri kolumna vertebra tulang punggung', 'nyeri punggung', 'nyeri otot punggung', 'sakit nyeri punggung', 'nyeri kolumna vertebra', 'nyeri pada punggung', 'nyeri dipunggung']"
nyeri saraf,"['neuralgia nyeri saraf', 'nyeri saraf', 'neuralgia nyeri saraf migren']"
nyeri sendi,"['nyeri sendi', 'pegal nyeri sendi', 'pegal linu nyeri sendi', 'nyeri persendian', 'nyeri sendi akibat reumatik', 'nyeri otot sendi', 'nyeri pegalpegal otot sendi']"
nyeri spastik,"['nyeri spastik saluran kemih', 'spastik organ genital wanita', 'nyeri spastik saluran empedu', 'nyeri paroxismal lambung usus halus nyeri spastik saluran empedu saluran kemih organ genital wanita', 'nyeri spastik organ genital wanita', 'nyeri spastik sistem genital wanita', 'nyeri spastik']"
nyeri telinga,['nyeri telinga']
nyeri tenggorokan,['nyeri tenggorokan']
nyeri tulang,['nyeri tulang']
oligomenorea,"['oligomenorea', 'oligomenore']"
oligospermia,"['oligospermia', 'oligospermia pria']"
onkomikosis,"['onikomikosis', 'onkomikosis']"
orchitis,['orchitis']
osteoarthritis,"['sindroma nyeri kolumna vertebralis', 'oa eksaserbasi akut', 'osteoartritis oa', 'oa panggul', 'osteoartritis spondilosa artritis', 'eksacerbasi akut osteoarthritis', 'osteoarthritis (oa)', 'osteoartritis spondilosa', 'osteoartrosis', 'osteoartritis', 'artritis tulang punggung', 'osteoartritis jangka pendek', 'osteo arthritis', 'osteoartritis kolumna vertebralis', 'herniated osteoarthritis', 'osteoatritis panggul', 'nyeri osteoarthritis', 'osteoarthritis', 'gejala osteoartritis', 'osteoartritis akut', 'eksaserbasi akut oa', 'osteoarthritis oa', 'osteoartritis spondilartritis', 'ostearthiritis', 'osteaoarthritis', 'oa', 'osteoartritis eksaserbasi akut']"
osteodistrofi ginjal,"['osteodistrofi ginjal pasien dialisis', 'osteodistrofi ginjal', 'osteodistrofi']"
osteogenesis imperfecta,"['osteogenesis imperfecta', 'osteogenesis imperfekta']"
osteomielitis,"['infeksi osteomielitis radang sumsum tulang', 'infeksi osteomielitis', 'osteomielitis radang sumsum tulang', 'osteomielitis radang sumsum tulang akut', 'osteomielitis akut', 'osteomielitisradang sumsum tulang', 'osteomielitis', 'intra abdominal osteomielitis']"
osteopetrosis,['osteopetrosis']
osteoporosis,"['osteoporosis', 'ostoroposis', 'osteoporosis sekunder', 'osteoporosis primer', 'ostoroposis tulang', 'osteporosis', 'osteoporosis paska menopause']"
otitis eksterna,"['otitis eksterna kronis', 'otitis eksterna', 'otitis externa khronik', 'otitis externa atau peradangan pada telinga bagian luar', 'otitis externa akut', 'otitis eksterna kronik', 'otitis externa', 'otitis eksterna akut', 'otitis externa peradangan telinga bagian luar', 'otitis externa akut khronik']"
otitis media,"['medium', 'otitis media radang telinga tengah akut', 'infeksi tht otitis medium akut sinusitis akut', 'otitis media radang rongga gendang telinga', 'otitis media kronis', 'otitis media supuratif', 'otitis medium sal nafas', 'otitis media akut', 'otitis medium radang rongga gendang telinga', 'otitis medium akut', 'infeksi gl otitis medium bekterial', 'otitis medium akuta', 'otitis media', 'otitis media supuratif kronik', 'otitis medium', 'otitis']"
otomikosis,['otomikosis']
panas,"['panas', 'panas disertai tenggorokan kering', 'suhu panas']"
panas dalam,"['panas dalam', 'panas dalam disertai tenggorokan kering']"
pankreatitis akut,"['pankreatitis akut', 'pankreatitis']"
panu,"['pityriasis', 'panu', 'pityriasis versikolor', 'tinea versicolor', 'pityriasis versicolor', 'tinea versikolor', 'tinea pityriasis versicolor', 'tinea versicolor panu']"
papula,"['papul', 'peradangan berupa papula', 'papula']"
paratifus,"['tifus dan paratifus', 'tifus epidemi', 'demam paratifus', 'tifus  paratifus', 'demam tifus paratifus', 'tifoid paratifoid', 'demam tifoid paratifoid', 'go infeksi gl tifoid paratifoid', 'tifoid', 'paratifus', 'tifus paratifus']"
parestesia,"['parestesis', 'parestesia']"
paronikia,"['paronikhia', 'paronikia']"
parotitis,['parotitis']
pegal linu,"['pega pegal', 'pegal otot sendi', 'pegalpegal', 'pegapegal', 'pegel', 'pegal linu', 'pegal pegal', 'linu', 'pegalpegal linu', 'peger linu', 'pegel linu', 'pegal', 'linu linu']"
pembengkakan,"['pembengkakan rambut', 'pembengkakan']"
pembengkakan otak,['pembengkakan otak']
pembengkakan pasca bedah,['pembengkakan pasca bedah']
pembengkakan pasca trauma,['pembengkakan pasca trauma']
pembengkakan prostat,['pembengkakan prostat']
pendaharan,"['perdarahan uterus fungsional', 'perdarahan', 'perdarahan uterus']"
pendaharan hidung,"['perdarahan hidung', 'perdarahan hidung ringan']"
pening,['pening']
penuh lambung,"['penuh lambung', 'perasaan penuh lambung', 'rasa penuh lambung']"
penyakit akibat virus,"['penyakit virus', 'virus superfisial', 'virus', 'penyakit virus lainnya', 'virus jamur']"
penyakit arteri koroner,"['penyakit arteri koroner stabil', 'penyakit arteri koroner']"
penyakit arteri perifer,"['penyakit arteri', 'oklusi arteri khronik', 'oklusi arterial khronik', 'oklusi arteri perifer kronis', 'oklusi arteri kronik', 'penyakit arteri perifer']"
penyakit behcet,['penyakit behcet']
penyakit crohn,"['penyakit crohn ringan sedang', 'crohn', 'penyakit crohn']"
penyakit gigi,"['penyakit gigi gusi', 'penyakit gigi']"
penyakit ginjal,"['penyakit ginjal stadium ginjal', 'penyakit ginjal', 'penyakit ginjal kronik', 'penyakit ginjal hati']"
penyakit hati,"['peny hati', 'penyakit hati', 'penyakit hati akut kronis']"
penyakit infeksi,"['penyakit infeksi kulit', 'penyakit infeksi hpylori', 'infeksi penyakit eksaserbasi akut', 'eradikasi hpylori', 'hpylori', 'penyakit infeksi ringan', 'penyakit infeksi']"
penyakit jantung,"['penyakit jantung', 'penyakit jantung hati']"
penyakit jantung koroner,"['penyakit koroner kronik', 'penyakit jantung koroner', 'penyakit2 koroner khronik']"
penyakit kulit,"['penyakit dermatologik lain', 'penyakit kulit lainnya', 'penyakit kulit', 'dermatologik', 'penyakit2 kulit', 'penyakit kulit dengan peradangan', 'penyakit infeksi kulit jaringan lunak', 'penyakit kkulit', 'penyakit kulit jaringan lunak', 'penyakit kulit janggut jamur', 'penyakit kulit lain']"
penyakit liver,['penyakit liver']
penyakit mata,['penyakit mata']
penyakit meniere,"['sindrom meniere', 'penyakit meniere', 'sindrom meniere s', 'penyakit meniere s', 'sindroma meniere', 'meniere', 'gangguan meniere']"
penyakit menular seksual,"['penyakit hubungan seksual', 'penyakit menular seksual']"
penyakit paget,['penyakit paget']
penyakit paru obstruktif kronis,"['penyakit2 paru', 'penyakit paru obstruktif kronis eksaserbasi akut', 'penyakit paru obstruktif kronik (ppok)', 'obstruksi saluran napa', 'penyakit paru obstruktif kronis', 'paru obstruktif kronik', 'obstruksi saluran nafas kronik', 'penyakit paru obstruktif kronik ppok', 'obstruksi saluran nafas', 'obstruksi kronik', 'penyakit2 obstruksi saluran nafas', 'penyakit paru obstruktif kronik', 'penyakit paru', 'obstruksi jalan napas', 'obstruksi jalan napa', 'obstruksi saluran napa reversible asma']"
penyakit pes,['penyakit pes']
penyakit saluran empedu,"['sakit kandung empedu', 'penyakit2 kandung empedu saluran empedu']"
penyakit saluran pernapasan,"['penyakit saluran nafas kronik', 'penyakit pernapasan akut kronik', 'penyakit saluran napas atas lain', 'penyakit saluran napas akut khronik', 'penyakit saluran pernafasan akut kronik', 'penyakit saluran nafas akut', 'penyakit saluran napa', 'penyakit disebabkan oleh virus saluran nafas', 'penyakit saluran napa akut kronik', 'penyakit saluran nafas akut kronik', 'penyakit saluran pernafasan', 'penyakit saluran pernafasan kronik', 'penyakit disebabkan oleh virus saluran napas', 'penyakit saluran pernafasan akut', 'penyakit saluran nafas', 'pernapasan akut kronik', 'penyakit saluran pernafasan kronis', 'penyakitpenyakit saluran pernafasan akut kronis']"
penyakit saraf,"['penyakit saraf tertentu', 'penyakit saraf']"
penyakit tulang,['sakit tulang']
penyempitan saluran napas,"['penyempitan pembuluh vena', 'penyakit penyumbatan saluran nafas', 'penyempitan saluran napas', 'penyempitan', 'penyumbatan pembuluh arteri kronis', 'penyumbatan', 'penyumbatan saluran nafas', 'penyumbatan pembuluh', 'sumbatan saluran napas', 'penyempitan pembuluh darah', 'penyumbatan pembuluh darah arteri']"
peradangan operasi gigi,['peradangan operasi gigi']
perdarahan gastrointestinal,"['profilaksis perdarahan gastrointestinal', 'perdarahan gastrointestinal']"
perdarahan saluran pencernaan,"['perdarahan saluran cerna atas', 'perdarahan saluran pencernaan']"
perdarahan subarachnoid,"['pendarahan subarakhnoid', 'perdarahan subarachnoid']"
periartritis,"['periartritis bahu', 'periartritis pinggul', 'periarthritis', 'periartritis']"
perikarditis,['perikarditis']
periodontitis,"['periodontitis', 'priodontitis']"
peritonitis,"['peritoditis', 'peritonitis radang selaput perut', 'peritonitisradang selaput perut', 'radang selaput perut', 'peritonitis']"
perut kembung,"['gejala masuk angin seperti perut kembung mual', 'peredangan perut kembung', 'tidak nyaman perut', 'rasa kembung', 'perut kembung', 'kembung', 'kembung masuk angin', 'perih kembung', 'flatulent kembung', 'perut kembung masuk angin', 'gas berlebihan', 'kembung rasa tidak nyaman perut', 'rasa tidak nyaman perut gas berlebihan', 'flatulens kembung']"
pielitis,['pielitis']
pilek,"['pilek rinorea', 'pilek', 'pilek anakanak', 'pilek alergi']"
pirosis,['pirosis']
pitiriasis kapitis,['pitiriasis kapitis']
plak mulut,['akumulasi plak rongga mulut']
pleuritis,['pleuritis']
plineuritis,"['b12 plineuritis neuralgia', 'plineuritis']"
pneumonia,"['pneumonia cystitis', 'pneumonia akibat streptococcus', 's  pneumoniae', 'pneumonia akut', 'spneumoniae', 'pneumonia atipik primer', 'pnemonitis anaerob', 'pneumonia komuniti', 'kuman h influenzae s pneumoniae', 'pneumonia strep hemolitikus', 'pneumonia dr lingkungan', 's pneumoniae', 'pneumonia saluran napa', 's.pneumoniae', 'pneumonia nosokomial', 'streptococus pneumonia', 'pneumonia lingkungan', 'pneumonia komunitas', 'pneumonia akibat lingkungan', 'pneumonia', 'pneumonia bakteri', 'pneumonia masyarakat', 'pneumonitis anaerob', 'acquired pneumonia', 'pneumonia yang didapat dari lingkungan', 'pneumonia komunitas communityacquired pneumonia', 'streptococcus pneumoniae', 'pneumonia didapat dari lingkungan', 'pneumonia faringitis']"
pneumonia aspirasi,['pneumonia aspirasi']
poliartritis kronik,"['poliartritis kronik', 'poliarthritis kronis']"
polineuritis,"['polineuritis', 'polyneuritis']"
polineuropati diabetik,"['polineuropati diabetikum', 'polineuropati diabetik']"
polip,['polip']
polip hidung,['polip hidung']
polip usus,['polip usus besar']
polisitemia vera,['polisitemia vera']
proktitis,['proktitis']
prostatitis,"['pielitis prostatitis akut kronis', 'isk prostatitis', 'prostatitis bakteri kronis', 'prostatitis akut', 'prostatitis bakterial kronik', 'prostatitis']"
prurigo,"['prurigo', 'ekzema prurigo']"
pruritus,"['pruritus anogenital', 'pruritus alergi', 'pruritus anogential', 'pruritus anus', 'alergi pruritis', 'pruritus urtikaria khronik idiopathik', 'pruritus gatalgatal anus vulvagenital external wanita', 'pruritis', 'pruritis ani', 'pruritus pada urtikaria khronik idiopathik', 'pruritus', 'pruritus atau gatalgatal pada anus dan vulvagenital external pada wanita', 'urtikaria khronik idiopathik', 'pruritus di anus', 'pruritis anogenital']"
pseudohipoparatiroidisme,['pseudohipoparatiroidisme']
psikosis,['psikosis']
psitakosis,"['lympogranulloma psittacosis', 'pittacosis', 'limfogranuloma psitakosis', 'psithachosis', 'lymphomagranuloma pittacosis', 'psittacosis', 'limfogranuloma psittacosis', 'psitakosis']"
psoriasis,"['inflamasi psoriasis', 'psoriasis kecuali plak', 'psoriasis diskoid', 'psoriasis', 'lesi psoriasis', 'vulva psoriasis', 'psoriasis ']"
punggung pegal dan kaku,['punggung pegal']
purpura,['purpura']
pusing,"['pusing yang berhubungan dengan gangguan keseimbangan pada gangguan sirkulasi darah', 'kepala pusing', 'pusing', 'pusingmigren', 'pusing berhubungan dengan gangguan keseimbangan gangguan sirkulasi darah', 'capek pusing', 'pusingpusing', 'pusing vestibular']"
rachitis,['rachitis']
radang,"['radang akut', 'radang akut berat', 'peradangan akibat mikroorganisme peka', 'radang akibat amandel', 'radang', 'radang akut yang berat', 'peradangan lokal', 'peradangan']"
radang ginjal,"['radang pasu ginjal', 'radang ginjal', 'pielonefritis radang ginjal serentak radang pasu ginjal']"
radang gusi,['radang gusi']
radang hati,['peradangan hati']
radang hidung,"['peradangan mukosa hidung', 'peradangan hidung', 'peradangan akibat infeksi hidung']"
radang jaringan kuku,['radang jaringan kuku']
radang kulit,"['radang kkulit', 'radang kulit']"
radang mata,"['penyakit radang mata', 'gangguan radang mata', 'radang kornea mata', 'radang mata akibat reaksi alergi', 'peradangan mata', 'radang kantung air mata', 'radang selaput bening mata', 'radang selaput ikat mata', 'radang saraf mata', 'peradangan selaput mata', 'radang kelopak mata']"
radang mulut,"['peradangan rongga mulut tenggorokan', 'radang selaput lendir mulut', 'peradangan radang mulut', 'radang mulut']"
radang otot,['radang otot']
radang panggul,['penyakit radang panggul']
radang pankreas,['radang pankreas']
radang prostat,['radang prostat']
radang saluran pernapasan,"['radang ringan saluran nafas', 'peradangan saluran pernafasan bagian atas', 'radang saluran nafas']"
radang saraf,['radang saraf']
radang selaput lendir,['radang selaput lendir']
radang sendi,"['peradangan sendi', 'radang sendi']"
radang sumsum tulang,"['radang sumsum tulang', 'radang sumsum tulang akut']"
radang telinga,"['radang telinga bagian luar tengah', 'inflamasi radang telinga', 'radang telinga bagian luar', 'radang telinga tengah', 'radang telinga bagian luar  tengah', 'radang telinga akut kronis', 'peradangan akibat infeksi telinga', 'radang rongga gendang telinga', 'radang telinga bagian tengah']"
radang tenggorokan,"['radang tenggorokan', 'peradangan akibat infeksi tenggorokan']"
radang usus,"['radang pada usus', 'radang usus', 'radang usus halus', 'radang usus peradangan usus']"
rakitis,"['rakhitis akibat defisiensi vit  d', 'rickets', 'rickettsia', 'riketsia', 'infeksi ricketsia', 'ricketsia', 'rakhitis akibat defisiensi vit d', 'penyakit rickets', 'rachitis rickets', 'rakhitis']"
rambut rontok,"['kerontokan rambut', 'rambut rontok']"
reactive arthritis,['reactive arthritis']
rematik,"['renatik tulang', 'rematik', 'penyakit reumatik', 'penyakit renatik tulang', 'rheumatik', 'rematik non artikular', 'nonartikular reumatik', 'nyeri reumatik', 'reumatik tulang', 'rematik tulang', 'reumatik non artikular sakit tulang', 'reumatik non artikular', 'reumatik non sendi', 'reumatik jaringan lunak terlokalisir', 'nyeri penyakit reumatik', 'non artikular reumatik', 'reumatik nonartikular', 'reumatik', 'reumatik sendi', 'rematik nonartikular']"
retensi urin pasca operasi,['retensi urin pasca operasi']
rheumatoid arthritis,"['gejala artritis reumatoid', 'juvenile artritis reumatoid', 'rheumatoid arthritis poliartritis kronik', 'rematoid artritis', 'atritis rematoid', 'rheumatoid artritis', 'pasien rematoid atritis akut kronis', 'artritis rematoid aktif', 'reumatoid artritis akut kronis', 'rheumatoid arthritis ra', 'reumatik generatif atritis rematoid', 'rematoid atritis akut', 'rematik artritis', 'rematoid atritis akut kronis', 'gejala juvenile artritis reumatoid', 'arthritis reumatik', 'reumatoid artritis kronis', 'artritis rheumatoid juvenil', 'arthritis rheumatoid', 'reumatoid arthritis', 'rematoid atritis kronis', 'artritis rheumatoid', 'rheumatoid arthritis', 'rematoid astritis ar', 'reumatoid atritis kronis', 'ra', 'rematoid artitis', 'reumatoid atritis akut', 'nyeri rematoid atritis kronis', 'artritis rematoid', 'rematoid', 'arthritis reumatoid ar', 'rheumatoid arhritis', 'reumatoid artritis', 'rematoid athritis', 'reumatoid artritis akut', 'ar', 'reumatoid atritis akut kronis', 'nyeri rematoid atritis akut', 'inflamasi degeneratif artritis rematoid', 'reumatoid atritis', 'artritis reumatoid', 'arthritis reumatoid']"
rhinitis,"['rinitis vasomotorik', 'rhinitis vasomotor', 'rhinitis', 'rinitis menahun', 'vasomotor rhinitis', 'perennial rhinitis', 'rinitis purulen', 'rinitis parenial', 'rinitis vasomotor']"
rhinitis alergi,"['rinitis alergi tahunan musiman', 'alergi rinitis', 'rinitis persisten', 'rinitis perenial', 'rinitis alergi nasal', 'rinitis alergi perenial', 'alergi pernafasan', 'allergic rhinitis', 'rinitis alergi musiman tahunan', 'rinitis alergi seasonal', 'rinitis alergi seasonal perenial', 'rhinitis alergika', 'alergi rinitis perenial', 'alergi rinitis intermiten persisten menerus', 'rinitis alergi konjungtivitis', 'rinitis alergi musiman', 'alergi rinitis nasal nonnasal', 'alergi rinitis intermitensewaktu', 'rinitis alergi musiman menahunterus menerus', 'rinitis intermiten', 'rinitis alergi persisten', 'alergi rhinitis', 'rinitis alergika', 'alergi hidung', 'rinitis musiman', 'rinitis alergik', 'rinitis alergi musiman perennial', 'rhinitis alergi', 'rinitis alergi menahun musiman', 'alergi rinitis persistenterusmenerus', 'rinitis', 'alergi rinitis intermiten persisten  menerus', 'rinitis alergi', 'alergi rinitis nasal  nonnasal']"
riketsiosis,['riketsiosis']
rinofaringitis,['rinofaringitis']
ruam merah,"['merah', 'kemerahan', 'ruam merah', 'bercak merah', 'kemerahan keadaan inflamasi', 'merah iritasi', 'tinea manus ruam merah tangan']"
ruam popok,['ruam popok']
sakit gigi,"['sakit saat pertumbuhan gigi', 'sakit gigi nyeri ringan', 'sakil gigi', 'sakit gigi']"
sakit kepala,"['skit kepala', 'sakit kepalan', 'sakit kepala derajat sedang', 'nyeri sakit kepala', 'sakit kepala kekakuan otot', 'sakit kepala', 'sakit kepala sakit gigi', 'sakit kepala vaskular', 'sakit kepala sebelah']"
sakit maag,"['sakit maag', 'maag']"
sakit otot,['sakit otot']
sakit pasca vaksinasi,"['sakit paska vaksinasi', 'sakit pasca vaksinasi']"
sakit perut,"['sakit perut', 'sakit perus']"
sakit pinggang,"['sakit pinggan', 'sakit pinggang', 'sakit otot pinggang']"
sakit pundak,['sakit pundak']
sakit punggung,"['sakit punggung', 'sakit punggung bagian bawah', 'sakit punggung bawah']"
sakit sendi,['sakit sendi']
sakit tenggorokan,"['sakt tenggorokan', 'sakit tenggorokan', 'rasa sakit tenggorokan', 'rasa sakit di tenggorokan']"
salpingitis,['salpingitis']
sariawan,"['nyeri akibat sariawan', 'panas dalam disertai sariawan', 'sariawan', 'tukak sariawan']"
selulitis,"['selulitis pelvis', 'selulitis pelvis pasca operasi vagina', 'selulitis']"
sepsis,"['sepsis intra abdominal', 'sepsis puerperal intra abdomen', 'sepsis purpura', 'sepsis', 'sepsis intraabdominal', 'sepsis puerperal']"
septic arthritis,"['artritis septik', 'artritis septik osteomielitis']"
septikemia,"['septicaemia', 'kulit septikemia', 'septikemia', 'septikemiakeracunan darah oleh bakteri patogenik zatzat dihasilkan oleh bakteri tersebut', 'septicemia', 'septikemia keracunan darah oleh bakteri patogenik danatau zatzat dihasilkan oleh bakteri tersebut']"
serangan jantung,['serangan jantung']
servisitis,"['servisitis sal pernafasan kecuali disebabkan streptococus', 'uretritis servisitis', 'servisitis go', 'infeksi servisitis non gonokokal', 'servisitis komplikasi', 'uretritis go servisitis komplikasi', 'cervicitis', 'uretritis servisitis go', 'servisitis sal pernafasan', 'servisitis']"
sesak napas,"['sesak napas', 'mengi sesak napas paruparu asma', 'sesak nafas', 'sesak']"
sicca,"['sindrom sicca', 'sicca']"
sifilis,"['sipilis', 'sifilis']"
sindrom nefrotik,"['sindrom nefrotik', 'sindroma nefrotik']"
sindrom raynaud,"['sindroma raynaud', 'fenomena reynaud', 'fenomena raynaud', 'sindrom raynaud']"
sindrom zollinger-ellison,"['sindroma zollingerellison pendarahan gi', 'hipersekrese patologis sindroma zollinger ellison', 'sindrom zollingerellison', 'sindrom zollinger ellison adenoma endokrin multiple', 'hipersekreasi patologis seperti sindroma zollingerellison', 'hipersekreasi patologis zollingerellison', 'sindrom zollinger ellison', 'hipersekreasi patologis sindrom zollinger ellison', 'sindroma zollinger ellison pendarahan gi', 'sindrom zollinger-ellison', 'sindroma zollinger', 'sindroma zollingerellison', 'sindrom zollinger', 'hipersekresi patologis sindroma zollinger ellison', 'zollinger ellison syndrome', 'sindrom zollinge', 'sindroma zollinger ellison', 'sindrom zollingerellison adenoma endokrin multiple']"
sindroma leher,['sindroma leher']
sinusitis,"['sinusitis akut', 'sinusitus', 'sinusitis', 'rinosinusitis', 'sinusitis alergi', 'sinusitis maksilaris akut', 'sistitis', 'sinusitis maxillary akut', 'sinusitis bakterial akut', 'sinusitis maksilaris']"
sirosis,"['sirosis hepatik', 'sirosis hati', 'sirosis']"
skiatika,['skiatika']
skleritis,"['sclaritis', 'scleritis', 'skleritis']"
sklerosis,['sklerosis multipel']
skorbut,['skorbut']
spasme,['spasme']
spasme kram muskuloskeletal,"['spasme kram muskuloskeletal', 'spasme muskuloskeletal']"
spondilartritis,"['spondiloartritis akut', 'spondiloartritis', 'spondiloartritis akut kronik', 'spondilartritis', 'spondiloartritis kronik']"
spondilitis deformans,['spondilitis deformans']
stenosis pilorus,"['stenosis pylorus', 'stenosis pilorikringan', 'stenosis pilorus', 'stenosis pilorik', 'stenosis pilorik bersifat ringan']"
strain,"['strains otot tegang', 'strains', 'strain']"
stres,"['stres', 'stress']"
stroke,['stroke']
stroke iskemik,"['stroke iskemik', 'stroke iskhemik', 'gejala iskhemik']"
takikardia,"['takikardia supraventrikuler paroksismal', 'takikardia supraventrikular paroksismal', 'takikardia atrial ektopik', 'takikardia']"
tbc (tuberkulosis),"['tbc paru', 'tbc', 'tuberkulosis paru resisten', 'mycobacterium tuberculosis', 'tuberkulosis ekstrapulmoner', 'tuberkulosis pulmoner', 'tuberkulosis', 'tb pulmoner', 'antituberkulosis', 'tuberkulosis tb paru resistensi', 'tuberkulosis paru', 'tb aktif mycobacterium tuberculosa', 'tuberkulosis pulmoner ekstrapulmoner', 'tuberkulosis milliar', 'ekstrapulmoner', 'tuberkulosis primer', 'tbc infeksi mikobakterial', 'tb tuberkulosis pulmoner ekstrapulmoner', 'tuberkulosa', 'tbc ekstra paru', 'tb', 'tbc paru paru', 'tbc lepra', 'tb paru', 'tuberkolusis', 'tubercolsis', 'mycobacterium tuberculosa', 'tuberkulosa paru']"
tendinitis,['tendinitis']
tendovaginitis,['tendovaginitis']
tenggorokan gatal,['tenggorokan gatal']
tenggorokan kering,['tenggorokan kering']
terkilir,"['sakit terkilir', 'terkilir', 'terkilir ringan']"
tetanus,['tetanus']
tifus,"['scrub tifus', 'profilaksis scrub tifus', 'tifus', 'skrub tipus', 'demam tifus']"
tinea barbae,"['tinea barbae', 'sikosis barbae']"
tinea capitis,"['tinea kapitis', 'tinea capitis', 'dermatomiosis kandidiasis mikosis sistemik tinea corporis tinea pidea tinea kapitis']"
tinea corporis,"['tinea kruris korporis', 'tinea corporis', 'tinea korporis', 'tinea corporis kurap', 'tinea korporis kurap']"
tinea cruris,"['tinea cruris gatal jamur selangkangan', 'tinea cruris', 'tinea kuris', 'tinea krusis', 'gatal jamur selangkangan', 'krusis', 'tinea kruris']"
tinea manus,['tinea manus']
tinea pidea,['tinea pidea']
tinnitus,"['telinga berdengung', 'tinitus telinga berdenging', 'telinga berdengung tinnitus', 'tinitus', 'tinnitus']"
tirotoksikosis,"['tirotoksikosis feokhromositoma', 'tirotoksikosis']"
toksoplasmosis,"['profilaksis toksoplasmosis wanita hamil', 'infeksi toxoplasmosis', 'toksoplasmosis', 'infeksi toksoplasmosis', 'toxoplasmosis']"
tonsilitis,"['tonsillitis', 'tonsilitis akut', 'tonsilitis', 'tonsilitis streptokokus']"
trakhitis,['trakhitis']
trauma terkilir,['trauma terkilir']
tremor esensial,['tremor esensial']
trikomoniasis,"['trikomoniasis', 'trikomoniasis salurah kemih kelamin']"
tromboflebitis,['tromboflebitis']
trombositemia,['trombositemia']
trombositopenia,['trombositopenia']
tukak lambung,"['pasien tukak lambung', 'tukakulkus lambung', 'tukak lambung duodenum', 'ulkustukak peptik', 'tukak lambung aktif', 'ulkus lambung usus halus', 'ulkus peptikum', 'tukak ulkus lambung', 'lesi lambung', 'ulkus lambung', 'tukak lambung ulkus peptik', 'tukak lambung jinak', 'tukak kulit', 'seperli tukak lambung', 'tukak peptik', 'tukak duodenum tukak lambung ringan', 'tukak', 'tukak lambung usus duabelas jari', 'tuka lambung', 'tukakulkus peptik', 'ulkus tukak lambung usus halus', 'penyakit lambung usus halus', 'tukak lambung usus', 'ulkus tukak lambung', 'luka lambung', 'ulkus peptikum disebabkan h pylori', 'tukak lambung ringan', 'tukak ulkus lambung ulkus tukak lambung paska tindakan', 'tukak lambung danatau usus halus', 'tukak khronik', 'tukak lambung', 'ulkus peptik', 'tukak ulkus peptikum', 'tukak ulkus peptik', 'tukak lambung tukak duodenum', 'ulkus tukak peptik', 'tukak ulkus lambung usus halus', 'tukak lambung jinak tukak pasca operasi', 'tukak lambung tukak usus halus', 'pencegahan kambuhnya tukakulkus peptik']"
tukak pasca operasi,['tukak pasca operasi']
tukak traumatik,['tukak traumatik']
tukak trofik,"['tukak trofik', 'tukak trofik varises']"
tumor,"['tumor jinak', 'tumor']"
ulkus,"['tukak ulkus', 'ulkus']"
ulkus dekubitus,['ulkus dekubitus']
ulkus duodenum,"['ulkus duodenal', 'tukak usus belas jari', 'ulkus peptik usus halus', 'ulus duodenum aktif', 'tukak duodenum hpylori', 'tukak usus dua belas jari', 'ulcus duodenal', 'ulkustukak usus halus', 'tukak usus halus', 'ulkus aktif usus halus duodenum', 'tukak usus', 'lesi duodenum', 'tukak duodenal', 'tukak usus 12 jari', 'tukakulkus usus halus', 'tukak duodenum akut', 'tukak duodenum', 'ulkus tukak usus halus aktif', 'tukakulkus lambungusus halus', 'tukak usus belas jari aktif', 'tukak ulkus peptik usus halus', 'ulkus usus halus', 'ulkus usus halus duodenum', 'terapi ulkus usus halus duodenum paska aktifnya', 'ulkus duodenum aktif', 'luka duodenal', 'ulkus tukak usus halus', 'ulkus deudenum', 'lesi lambung duodenum', 'ulkustukak lambungusus halus', 'ulkus duodenum', 'tukak lambungusus halus', 'tuka duodenal', 'tukak usus 12 jari lambung', 'tukak usus 12 jari aktif']"
ulkus genital,"['penyakit ulkus genital orang dewasa', 'penyakit ulkus genital']"
ulkus kornea,"['ulkus pada kornea', 'ulkus kornea', 'tukak kornea', 'luka kornea', 'tukak kornea mata']"
ulkus sistem pencernaan,['ulkus sistem pencernaan']
uretritis,"['urethris', 'gi uretritis', 'uretritis nongonokokus', 'uritritis non gonokokal', 'gi uretritis servisitis go', 'uretritis', 'urethritis vaginitis', 'uritritis', 'infeksi uretritis', 'uretritis non go', 'protozoa uretritis', 'uretritis nongonococcal', 'urethritis']"
urogenital trichomoniasis,"['urogenital trichomoniasis', 'trikomoniasis sal kemih kelamin']"
urtikaria,"['alergi urtikaria angioedema cold urticaria allergic rhinitis vasomotor rhinitis', 'manifestasi alergi kulit urtikaria', 'cold urticaria', 'urtikaria kronik', 'urtikaria', 'urtikaria idiopatik kronis', 'urtikaria khronik', 'rinitis urtikaria', 'urtikaria idiopati kronis', 'urtikaria idiopatik kronik', 'urticaria', 'alergi urtikaria', 'cold urtikaria', 'urilkaria', 'urtikaria kronis', 'urtikaria idiopatik khronik']"
uveitis,"['uveitis', 'chronic anterior uveitis']"
vaginitis,"['vaginitis trichomonas vaginalis', 'vaginitis nonspesifik', 'vaginitis trichomonas', 'vaginitis', 'trichomonas vaginalis', 'vaginitis kandida']"
vaginosis bakterialis,"['bacterial vaginosis', 'vaginosis bakterialis']"
varicela,"['varicella zoster', 'varicela', 'varisela', 'varicella']"
varises,['varises']
vertigo,"['vertigo perifer', 'vertigo']"
vulvitis,"['vulvitis', 'vulvitas']"
wasir (ambeien),"['hemoroidwasir eksternal', 'wasir kronis menahun', 'hemoroid eksternal', 'hemoroid interna', 'wasir akut', 'wasir (ambeien)', 'hemoroid wasir', 'gejala wasir', 'wasir ambeien', 'hemoroid akut internal eksternal', 'wasir kronik', 'hemoroid internal', 'wasir', 'nyeri panas pendarahan akibat wasir', 'ambien wasir', 'hemoroid eksterna', 'wasirhemoroid', 'hemoroid interna eksterna', 'hemoroid akut', 'wasir internal eksternal', 'hemoroidwasir internal', 'wasir kronik akut', 'hemoroid']"
