standardized_disease;list_of_diseases_fuzzy_tfidf_1
aborsi septik;['aborsi septik', 'abortus septik', 'infeksi abortus septik']
abses;['abses']
abses gigi;['abses gigi']
abses paru;['abs paru', 'abses paru']
adesilentikular;['adesilentikular']
adnexitis;['dakriosistitis adnexitis', 'adnexitis']
akne;['akne nekrotika', 'acne vulgaris', 'akne pustular', 'akne', 'akne berat', 'acne', 'akne vulgarisjerawat ringan', 'acne vulgaris papulapustula', 'acne eksim', 'acne ringan', 'akne vulgaris ringan sedang', 'akne vulgaris', 'acne vulgaris papulapustula berat', 'akne vulgarisjerawat', 'akne pustularis']
akrosia;['akrosianosis', 'akrosia']
alergi;['penyakit alergi', 'alergi inflamasi', 'reaksi alergi', 'gi kondisi alergi', 'gangguan alergi', 'gejala alergi', 'alergi akut kronis', 'alergi ringan', 'alergi', 'akibat alergi', 'gi alergi', 'peradangan alergi']
alergi dermatologi;['penyakit kulit akibat reaksi alergi', 'alergi kulit mukosa', 'penyakit penyakit dermatologis alergik', 'gangguan kulit alergi', 'alergi kulit selaput lendir', 'alergi kulit', 'alergi dermatologi', 'gangguan alergi kulit', 'reaksi alergi kulit', 'gangguan kulit akibat alergi']
alergi dingin;['extremitastangankaki dingin', 'urtikaria dingin', 'ekstremitas dingin', 'alergi dingin', 'badan dingin']
alergi makanan;['alergi makanan']
alergi mata;['alergi kelopak mata', 'alergi kulit mata', 'alergi mata']
alergi obat;['reaksi alergi obatobatan', 'alergi obat']
alergi saluran pernapasan;['alergi saluran pernapasan', 'alergi pernapasan hidung']
alopesia androgenetika;['androgenetica alopecia', 'kebotakan androgenetika androgenetica alopecia', 'alopesia androgenetika']
ambeien;['ambeien']
amebiasis;['amoebiasis intestinal hepar', 'amubiasis intra intestinal', 'amoebiasis intestinal', 'amubiasis', 'amubiasis intestinal', 'intestinal amoebiasis', 'amubiasis ekstra intestinal', 'hepatic amoebiasis', 'amoebiasis', 'amebiasis', 'amubiasis intestinal akut']
amenore;['amenore primer', 'amenore galaktorea', 'amenore primer dan sekunder', 'amenore sekunder', 'amenore psikogenik', 'amenore primer sekunder', 'amenore', 'amenorre', 'amenorrhea']
anemia;['anemia']
anemia akibat pendarahan;['anemia akibat pendarahan', 'pendarahan hidung', 'pendarahan']
anemia defisiensi besi;['defisiensi zat besi', 'anemia defisiensi zat besi', 'defisiensi zat besi pencegahan', 'defisiensi zat besi gejala', 'defisiensi zat besi asam folat', 'defisiensi zat besi dan asam folat', 'anemia kekurangan zat besi']
anemia megaloblastik;['anemia megaloblastik', 'anemia megaloblastik dan makrositik', 'anemia megaloblastik disertai kekurangan vitamin c dan b kompleks terutama pada kehamilan', 'anemia megaloblastik disertai kekurangan vitamin c b kompleks terutama kehamilan', 'anemia makrositik', 'anemia megaloblastik makrositik']
anemia pada kehamilan dan menyusui;['anemia kehamilan menyusui', 'anemia pada kehamilan dan menyusui']
anemia pernisiosa;['anemia pernisiosa', 'pernisiosa']
aneurisma otak;['aneurisma']
angina pectoris;['angina pektoris', 'pektoris', 'angina pectoris']
angina prinzmetal;['angina stabil', 'angina varian', 'angina prinzmetal', 'angina', 'angina prinzmetal, angina varian']
angina vincent;['angina vincent', 'infeksi vincent']
angioedema;['urtikaria angioedema', 'angioderma', 'angioedema']
ankylosing spondylitis;['aankilosing spondilitis', 'spondilitis ankilosa', 'ra ankilosing spondilitis', 'spondilitis ankilosing', 'ankilosa spondilitis', 'ankylosing spondilitis', 'spondilitas ankilosa', 'oa ra ankilosing spondilitis', 'ankilosing spondilitis', 'spondilitis', 'ankylosing spondylitis', 'ankylosing spondylititis']
anoreksia nervosa;['anorexia', 'nafsu makan anak', 'anoreksia', 'nafsu makan', 'anoreksia kehilangan nafsu makan', 'hilang nafsu makan anoreksia']
anovulasi;['anovulasi']
ansietas;['ansietas']
aritmia;['aritmia jantung', 'aritmia ventrikel supraventrikel', 'disritmia jantung', 'disritmia kordis', 'gangguan ritme irama berhubungan', 'aritmia']
arteriosklerosis;['arteriosklerosis']
arthritis;['arthitis', 'arthritis', 'nyeri arthritis ringan', 'artritis akut', 'artritis idiopatik juvenil', 'arthisis', 'artritis', 'atritis akut kronis']
arthritis gout;['serangan gout akut', 'gout artritis akut', 'gangguan musculoskeletal akut gout akut', 'gout', 'gout akut', 'arthritis gout akut', 'artritis gout akut', 'serangan akut gout']
asam urat;['kelebihan asam urat', 'urat kaku', 'asam urat', 'asam urat akut', 'produksi asam urat berlebihan']
ascariasis;['ascariasis', 'ascaris lumbricoides', 'askariasis']
asites;['asites']
asma;['asthma', 'asthma bronkial', 'asma akut berat', 'asma bronkhial', 'asma akut', 'asmatikus', 'asma', 'asthmatoid bronchitis', 'asma sedang', 'obstruksi saluran nafas asma bronkhial', 'asma bronkial', 'asma ringan', 'asma berat akut', 'asma bronkhial khronik', 'asma bronkial kronik', 'dispnea akibat asma bronkhial', 'asmatik asma bronkial', 'asma kronis', 'serangan asma akut', 'astma', 'bronkial asma', 'asma dermatitis', 'asma berat', 'status asmatikus']
aspergillosis;['aspergillosis', 'aspergilosis']
asthenia;['astenia']
aterosklerosis;['aterosklerosis', 'artherosklerosis', 'aterosklerosis vaskular']
atrial fibrilasi;['fibrilasi atrium', 'fibrilasi atrium paroxismal', 'fibrilasi flutter atrium paroksismal', 'atrial fibrilasi']
atrial flutter;['atrial flutter']
bakteremia;['bakteremia']
batu empedu;['batu empedu', 'empedu']
batu ginjal;['batu oksalat', 'batu ginjal', 'batu oksalat ginjal saluran kemih']
batu kandung kemih;['gejala kandung kemih aktif', 'kandung kemih aktif', 'batu kandung kemih', 'batu urin', 'batu urin saluran kemih']
batuk;['batuk disertai peradangan saluran pernafasan bagian atas', 'meredakan batuk', 'batuk karena emphysema', 'batuk alergi', 'batuk karena alergi', 'batuk karena bronchitis', 'batuk', 'batuk bronchitis', 'batuk gatal', 'batuk panas', 'batuk sesak', 'batuk produktifberdahak  nonproduktifkering', 'gejala batuk', 'batuk akibat alergi', 'batuk produktifberdahak nonproduktifkering', 'batuk disebabkan oleh alergi', 'batuk yang disebabkan oleh alergi', 'batuk rangsangan selaput pernafasan', 'batuk yang disertai peradangan saluran pernafasan bagian atas', 'disertai peradangan', 'batuk tenggorokan', 'batuk akut kronik', 'batuk disebabkan alergi', 'batuk menahun']
batuk berdahak;['batuk berdahak alergi', 'ekspektoran gangguan batuk berdahak', 'batuk produktifberdahak', 'batuk ikke berdahak', 'batuk produktif berdahak', 'dahak', 'susah mengeluarkan dahak', 'batuk berdahak', 'batuk produktif', 'batuk mukolitik', 'ekspektoran batuk berdahak', 'mukolitik', 'dahak mukus', 'batuk berdahak karena alergi', 'gangguan batuk berdahak', 'dahak kental', 'batuk berdahak disertai alergi', 'batuk dahak kental']
batuk kering;['batuk tidak berdahak disertai bersinbersin alergi', 'batuk nonproduktifkering', 'batuk nonproduktif', 'gejala batuk tidak berdahak', 'batuk non produktif', 'batuk yang tidak berdahak disertai bersinbersin atau alergi', 'batuk kering', 'batuk nonproduktiftidak berdahak']
batuk kronis;['batuk kronis', 'batuk kronis akut']
batuk pilek;['batuk berhubungan flu gangguan pernapasan', 'batuk pilek', 'batuk berhubungan pilek', 'batuk menyertai pilek alergi', 'batuk/pilek']
batuk rejan;['batuk rejan', 'batuk rejanpertusis']
batuk tidak berdahak;['batuk tidak berdahak', 'tidak berdahak']
bau badan;['bau badan']
bau mulut;['bau mulut sedap', 'bau mulut']
bengkak;['bengak', 'memar', 'bengkak atau memar', 'bengkak memar', 'bengkak', 'bengkak akibat terpukul']
benjolan payudara;['benjolan payudara', 'benjolan benjolan payudara']
berat badan berlebih;['kelebihan berat badan', 'berat badan berlebih']
bersin;['pilek bersinbersin', 'bersinbersin disertai batuk', 'bersin bersin', 'bersin bersin disertai batuk', 'bersinbersin', 'bersin bersin yang disertai batuk', 'pilek bersin', 'bersin hidung tersumbat flu', 'bersin dan hidung tersumbat karena flu', 'bersinbersin yang disertai batuk', 'bersin', 'bersin disertai batuk']
biang keringat;['biang keringet', 'gatal akibat keringat', 'biang keringat', 'biang keringat alergi']
bibir kering;['bibir pecah pcah', 'kulit pecah pecah sudut mulut', 'bibir pecahpecah', 'bibir pecah pecah', 'bibir kering']
biduran;['urtikaria biduran', 'biduran kaligata kronis', 'kaligata', 'gatalgatal biduran', 'gangguan alergi urtikaria biduran kaligata kronis', 'biduran']
bisul;['bisul bernanah', 'bisul', 'bisul gatal']
blastomikosis;['blastomikosis']
blefaritis;['blepharitis', 'blefaritis', 'blefaritis non purulen', 'blefaritis nonpurulen', 'blefaritis alergi radang kelopak mata akibat alergi']
blefarokonjungtivitis;['blefarokonjungtivitis keratokonjungtivitis', 'blefarokonjungtivitis']
bph (benign prostatic hyperplasia);['bph', 'benign prostatic hyperplasia', 'bph (benign prostatic hyperplasia)']
bromokriptin;['bromokriptin']
bronkiektasis;['bronkhiektasis', 'bronkiektasi', 'bronkiektasis']
bronkiolitis;['bronkiolitis', 'bronchiolitis']
bronkitis;['bronkitis alergi', 'bronchitis', 'bronkhitis', 'kaitan bronkhitis', 'bronkitis']
bronkitis akut dan kronis;['bronkhitis kronis serta eksaserbasi kumatnya penyakit atau gejala penyakit secara mendadak akut', 'eksaserbasi akut dr bronkitis kronik', 'bronkhitis akut khronis', 'bronkhitis khronis', 'bronkitis asmatik', 'bronkitis akut dan kronik', 'exaserbasi', 'bronkhitis kronis dan eksaserbasi kumatnya penyakit atau gejala penyakit secara mendadak akut', 'bronkitis asmatis', 'bronkhitis khronik emfisema', 'bronkhitis akut berulang', 'infeksi akut bronkitis kronis', 'bronkhitis khronis exaserbasi akut', 'bronchitis akut kronik', 'eksaserbasi bronkhitis kronis', 'exaserbasi akut bronkhitis khronik', 'eksesarbasi bronkitis kronis', 'bronkhitis akut  khronis', 'bronkitis menahun', 'bronkhitis asmatik', 'bronkitis kronis', 'bronkhitis akut dan kronis', 'bronkhitis akut dan kronis serta eksaserbasi kumatnya penyakit atau gejala penyakit secara mendadak akut', 'bronkitis akut', 'eksaserbasi kumatnya penyakit gejala penyakit secara mendadak akut', 'bronkhitis kronis eksaserbasi akut', 'bronkhitis kronis dan eksaserbasi akut', 'bronkhitis akut', 'eksaserbasi dari bronkhitis kronis', 'bronkitis purulen', 'bronkitis asmatikus', 'eksaserbasi akut bronkitis kronis', 'eksaserbasi bakteri akut bronkitis kronis', 'ppok', 'bronkhitis akut kronik', 'eksaserbasi bronkitis kronis', 'exaserbasi bronkhitis khronik', 'akut bronkhitis', 'exaserbasi akut', 'bronkitis kronis eksaserbasi akut', 'bronkhitis kronis serta eksaserbasi kumatnya penyakit gejala penyakit secara mendadak akut', 'bronchitis akut dan kronik', 'eksaserbasi bakterial akut bronkitis kronik', 'bronkhitis pneumonia', 'infeksi traktus respiratorius bronkhitis akut sinusitis akut', 'bronkhitis akut dan kronik', 'ppok bronkhitis khronis', 'bronkhitis khronik', 'bronkitis kronik eksaserbasi akut', 'eksaserbasi bronkhitis khronik', 'bronkhitis kronis eksaserbasi kumatnya penyakit gejala penyakit secara mendadak akut', 'eksaserbasi akut dari bronkitis kronik', 'eksaserbasi kronis akut', 'bronkitis kronik', 'bronkhitis kronik', 'bronkitis akut kronik', 'bronkitis akut atau kronik', 'bronkhitis kronis', 'bronkhitis akut kronis serta eksaserbasi kumatnya penyakit gejala penyakit secara mendadak akut', 'eksaserbasi bakteri akut bronkitis kronik', 'bronkitis khronis', 'bronkhitis akut kronis', 'eksaserbasi akut bronkitis kronik', 'bronkritis kronik']
bronkitis pneumonia;['bronkitis pneumonia']
bronkopasma;['bronkospasme', 'bronkhospastik', 'bronkospasme semua jenis asma bronkial', 'bronkhospasme reversibel', 'bronkospasma', 'kondisi2 bronkhospastik', 'bronkhospasme', 'bronkospasme akut', 'bronkospasme jenis asma bronkial', 'bronkhospastik lain', 'penyakit2 paru menimbulkan komplikasi bronkhospasme', 'bronkospasme reversibel', 'bronkospasme kronik', 'bronkospasme bronkitis kronik', 'bronkospasme pada semua jenis asma bronkial', 'bronkospasme kronis']
bronkopneumonia;['bronkopneumonia']
bronkopulmonal;['bronkopulmonal']
brucellosis;['bruselosis', 'brucellosis']
bursitis;['bursitis']
cacar air;['cacar air']
cacing gelang ascaris lumbricoides;['cacing gelang ascaris lumbricoides']
cacing kremi;['enterobius vermicularis', 'kremi', 'infeksi cacing kremi enterobius vermicularis', 'cacing', 'infeksi cacing kremi cacing gelang cacing tambang cacing cambuk infeksi cacing campuran tersebut', 'cacing kremi']
campak;['campak']
candidiasis;['infeksi mikosis sistemik kandidiasis', 'orofaringeal infeksi kandida sistemik serius', 'infeksi kandida kriptokokal', 'kandidiasis sistemik', 'kandidiasis sistemik serius', 'kandda vagina', 'infeksi kandida kriptokokal sistemik', 'kandidiasis gastrointestinal', 'kandida', 'kandiasis di organ genital', 'moniliasis', 'kandidiasis kutaneus moniliasis', 'kandiasis organ genital', 'kandidiasis', 'kandidiasis sistemik yang serius', 'kriptokokosis kandidemia', 'kandidiasi genetikal', 'kandidosis', 'kandidemia infeksi kandida sistemik', 'kandiasis', 'kandidiasis invasif', 'kandidiasis esofaringeal', 'kandidiasis subkutan', 'intertrigo kandida', 'kandidiasis esofageal', 'candidiasis', 'infeksi kandida sistemik serius', 'gastrointestinal kandidosis sistemik', 'infeksi kandida invasif', 'kandidiasis vulvovag', 'kandidiasis vulvovagina', 'kandidosis vulvovaginal', 'kandidiasis saluran cerna', 'kandidemia', 'infeksi kandida sistemik', 'candida candidiasis', 'kandidiasis kutaneus', 'kandidiasis diseminata', 'kandidiasi genetikal teritama', 'kandida jamur bakteri gram positif']
cedera;['cedera']
cedera olahraga;['cedera karena olahraga dan kecelakaan', 'cedera berolahraga kecelakaan', 'cedera jaringan lunak', 'cedera olahraga kecelakaan', 'cedera karena olahraga', 'cedera olahraga']
cerebral palsy;['cerbral palsy', 'kelumpuhan cerebral', 'gangguan serebral', 'cerebral palsy']
chlamydia;['trachomatis', 'chlamydia trachomatis', 'chlamydia']
cocidioidomycosis;['coci dioidomycosis', 'cocci dioidomycosis']
covid-19;['covid-19', 'covid19', 'covid 19']
cystitis;['cystitis']
deep vein thrombosis;['deep vein thrombosis']
defisiensi asam folat;['defisiensi asam folat', 'defisensi asam folat']
defisiensi estrogen;['defisiensi estrogen']
defisiensi natrium hipovolemik;['defisiensi natrium hipovolemik']
defisiensi progesteron;['defisiensi progesteron']
defisiensi tiamin;['defisiensi tiamin', 'kekurangan thiamin mononitrate']
defisiensi vitamin b;['defisiensi folic acid', 'kekurangan vitamin b', 'kekurangan vitamin c b kompleks', 'defisiensi vitamin b']
defisiensi vitamin b1;['defisiensi vit b1', 'defisiensi vitamin b1', 'kekurangan vitamin b1', 'defisiensi vit  b1']
defisiensi vitamin b12;['defisiensi vitamin b12', 'defisiensi vit b12', 'kekurangan vitamin b12']
defisiensi vitamin b6;['defisiensi vit b6', 'defisiensi vitamin b6', 'kekurangan vitamin b6']
defisiensi vitamin d;['kekurangan vitamin d kadar serum 25ohd 30 ngml', 'pasien dengan kekurangan vitamin d', 'kekurangan vitamin d']
defisiensi vitamin e;['defisiensi vitamin e']
defisiensi vitamin neurotropik;['defisiensi vitamin neurotropik']
defisiensi zinc;['defisiensi zinc']
dehidrasi;['dehidrasi sedang', 'dehidrasi', 'dehidrasi ringan']
demam;['demam setelah imunisasi', 'demam pasca vaksinasi', 'sakit demam', 'demam pasca imunisasi', 'demam sesudah imunisasi', 'panas demam', 'demam q', 'demam forte', 'demam akibat pilek', 'demam flu', 'demam paska vaksinasi', 'demam', 'demam menyertai flu', 'dmam', 'nyeri demam', 'demam menyertai flu paska vaksinasi', 'demam vaksinasi', 'demam enterik', 'menurunkan demam', 'demam imunisasi']
demam berdarah;['demam berdarah']
demam pada anak;['demam anak anak', 'demam anak dewasa', 'demam anak', 'menurunkan demam anak', 'demam pada anak', 'demam anakanak']
demam paratifoid;['demam paratifoid', 'paratifoid']
demam scarlet;['demam scarlet']
demam tifoid;['demam tifoid']
dermatitis;['dermatitis terinfeksi bisul', 'dermatitis terinfeksi', 'dermatitis eksfoliatif', 'dermatitis lainnya', 'dermatositosis', 'dermatitis komplikasi infeksi bakterial', 'dermatofitosis', 'dermatitis ekzematous', 'dermatitis alergi', 'eksim dermatitis', 'dermatitis akut', 'dermatitis', 'exfoliative dermatitis', 'dermatitis dengan komplikasi infeksi bakterial', 'pruritik dermatitis', 'dermatitis disertai infeksi']
dermatitis atopik;['dermatitis atopik kontak', 'dermatitis atopik alergi herediterketurunan', 'dermatitis atopic', 'dermatitis kontak atopik', 'dermatitis atopik', 'atopic dermatitis', 'dermatitis kontak maupun atopik', 'ekzema atopik', 'kulit bersisik psoriasis dermatitis atopik']
dermatitis kontak;['dermatitis akut kronik', 'contact dermatitis', 'dermatitis kontak jenis dermatitis', 'dermatitis kontak', 'dermatitis kronik']
dermatitis seboroik;['seborrhoeic dermatitis', 'dermatitis seboroik', 'seboroik', 'demartitis sebaroik ringan']
dermatomikosis;['dermatomikosis']
dermatomiositis;['dermatomiosis', 'dermatomiositis']
dermatosis;['dermatosis alergi', 'dermatosis alergi inflamasi', 'dermatosis bakterial', 'dermatosis lain']
diabetes;['diabetes melitus', 'non insulin dependent diabetes mellitus', 'diabetes obesitas', 'paresis', 'diabetik', 'diabetes mellitus', 'diabetes', 'diabetik gastroparesis berulang', 'diabetik gastro paresis akut', 'insulin dependent diabetes mellitus', 'diabetik gastroparesis akut']
diabetes tipe 1;['diabetes tipe - 1', 'diabetes melitus tipe  1', 'diabetes tipe 1']
diabetes tipe 2;['pasien dm tipe 2', 'dmt2', 'diabetes melitus tipe 1', 'diabetes tipe - 2', 'diabetes tipe 2 terkontrol', 'diabetes tipe 2', 'diabetes melitus tipe 2', 'diabetes miletus tipe 2', 'dm tipe  2', 'tipe 2', 'diabetes melitus tipe  2', 'dm tipe 2', 'diabetes mellitus tipe 2']
diare;['diare anak', 'ecoli', 'diare e coli', 'diare ecoli', 'diare e  coli', 'diare akut kronik', 'diare karena kuman e coli dan staph kolopati spesifik dan non spesifik pada dewasa dan anak', 'diare', 'diare non spesifik', 'diare akut non spesifik kronik', 'diare non  spesifik', 'diare staph', 'diare kronis', 'diare akut', 'diare akut non spesifik', 'diare nonspesifik', 'diare kuman e coli staph kolopati spesifik non spesifik dewasa anak', 'diare mencret', 'mencret', 'diare kronik']
difteri;['difteri faringeal', 'difteri']
discoid;['diskoid', 'discoid', 'dsikoid', 'diskoid lupus eritemmantosus', 'ekzema diskoid']
disentri;['enterokolitis disentri basiler akibat bakteri gram negatif', 'disentri basiler', 'paratifoid disentri basiler', 'disentri basil', 'disentri']
disfungsi ereksi;['disfungsi ereksi']
disfungsi ovulasi;['disovulasi', 'disfungsi ovulasi', 'gangguan ovulasi']
dislipidemia;['dislipidemia campuran', 'dislipidemia', 'dislipidemia campuran fredrickson tipe iia iib', 'dislipidemia campuran tipe iib']
dismenore;['sakit haid', 'dismenorea', 'nyeri waktu haid', 'dismenorea primer', 'dysmenorrhea', 'disumenore', 'dismenore pasca operasi', 'dismenore primer', 'disenore', 'dismenore', 'nyeri dismenore primer', 'disenore nyeri haid', 'dismenor primer', 'nyeri dismenore', 'haid', 'nyeri haid', 'dysmenorrhea primer', 'nyeri haid dismenore primer', 'nyeri haid primer', 'keram saat haid', 'dismenore nyeri saat haid', 'nyeri haid dysmenorrhea primer', 'dismenore nyeri haid']
edema;['edema inflamasi', 'edema asites', 'edema gagal jantung kongestif', 'edema akibat chf', 'edema']
ejakulasi dini;['ejakulasi dini']
eksaserbasi;['eksaserbasi', 'eksaserbasi bakteri akut', 'eksaserbasi akut']
eksema;['ekzema bernanah']
emboli;['embolus paru', 'embolus sistemik', 'emboli serebral', 'emboli']
emfisema;['gangguan bronkhopulmoner', 'emfisema gangguan bronkhopulmoner', 'batuk emphysema', 'emfisema penyakit paru komplikasi bronkhospasme', 'emfisema dengan bronkitis', 'ppok emfisema dengan bronkitis bronkitis kronis bronkiektasi', 'emphysema', 'pulmonari emfisema', 'enfisema', 'emfisema paru', 'emfisema']
empiema;['emfiema']
endokarditis;['endokarditis']
endometriosis;['endometriosis']
endometritis;['endometritis']
ensefalitis;['toksoplasmik ensefalitis']
ensefalopati;['ensefalopati', 'ensefalopati portal sistemik', 'ensefalopati portalsistemik', 'portal systemic encephalopathy', 'ensefalopati portal', 'ensefalopati portal  sistemik', 'encephalopathy', 'portal sistemik', 'ensefalopati portal sistemik kronik']
epididimitis;['epididimitis']
epididimo-orkitis;['epididimo orkitis', 'epididimo-orkitis']
episkleritis;['episkleritis', 'episcleritis', 'episklerit']
erosi kornea;['erosi kornea']
esofagitis;['peptik eosifagitis', 'peptik esofagitis', 'esofagitis', 'eosifagitis', 'esophagitis']
faringitis;['faringitis tonsilitis', 'faringitis', 'pharingitis', 'faringitis tonsilitis streptokokus']
fatigue;['fatig lelah']
fistula ani;['fistula', 'fistula ani']
fisura ani;['fisura anal', 'fisura ani']
flek;['flek kanker paru paru', 'flek hitam', 'flek']
flu;['flu influensa', 'infeksi virus influenza tipe b', 'virus influenza tipe a', 'influenza a', 'flu pada anak dan orang dewasa', 'influenza anak', 'demam influensa', 'influenza tipe b', 'influenza', 'infeksi virus influenza tipe a', 'flu anak orang dewasa', 'influensa', 'virus influenza c', 'flu pilek', 'virus influenza a', 'flu', 'h influenza', 'influenza tipe a', 'flu demam', 'gejala flu', 'virus influenza tipe a atau b', 'virus influenza tipe a b', 'virus influenza b', 'flu disertai batuk kering', 'fluinfluensa', 'influenza dewasa', 'influensa demam', 'flu seperti demam']
flu burung;['flu burung']
folikulitis;['folikulitis barbae', 'folikulitis superfisial', 'folikulitis superfisialis', 'folikulitis']
gagal ginjal akut;['gagal ginjal akut', 'insufisiensi ginjal', 'gagal ginjal']
gagal ginjal kronis;['gagal ginjal khronis', 'pasien gagal ginjal khronik', 'gagal ginjal kronik', 'gagal ginjal akut kronik', 'insufisiensi ginjal kronik', 'gangguan ginjal khronik']
gagal jantung;['gagal jantung', 'infeksi jantung', 'gagal jantung kongestif', 'gangguan jantung', 'gagal jantung kronik', 'masalah jantung', 'gagal jantung kongesti', 'infark jantung']
gangguan ginjal;['gangguan ginjal', 'gangguan ginjal prostat']
gangguan hati;['gangguan hati']
gangguan kehamilan;['kehamilan', 'komplikasi kehamilan', 'gangguan kehamilan']
gangguan keseimbangan;['gangguan keseimbangan']
gangguan metabolik;['gangguan vaskulo metabolik serebral akut khronik', 'gangguan vaskulo metabolik perifer akut khronik', 'gangguan metabolik', 'gangguan metabolisme', 'gangguan metabolisme otot jantung']
gangguan panik;['gangguan panik']
gangguan pencernaan;['gangguan saluran cerna', 'gangguan pencernaan fungsional', 'gangguan lambung', 'gangguan pencernaan neurogenik', 'gangguan pada pencernaan', 'gangguan pencernaan', 'dispepsia gangguan pencernaan neurogenik']
gangguan pendengaran;['gangguan pendengaran']
gangguan peradangan okular;['gangguan peradangan okular']
gangguan pernapasan;['gangguan pernapasan', 'gangguan saluran nafas akut', 'gangguan saluran napa akut khronik', 'gangguan saluran pernafasan kronik', 'gangguan saluran napa', 'gangguan saluran nafas khronik', 'gangguan saluran pernafasan', 'gangguan saluran pernafasan akut', 'gangguan pernapasan akut kronis', 'gangguan saluran nafas kronis', 'gangguan saluran pernapasan', 'gangguan pernafasan', 'gangguan saluran nafas akut kronis', 'gangguan saluran pernapasan alergi dermatologi serta gangguan inflamasi ocular', 'gangguan saluran pernafasan disebabkan dahak mukus', 'gangguan pernafasan akibat rokok', 'sekretolitik gangguan saluran napa akut khronik', 'gangguan saluran pernapasan akut kronik', 'gangguan di saluran pernafasan', 'gangguan saluran pernafasan akut kronik']
gangguan prostat;['gangguan prostat']
gangguan saluran gastrointestinal;['gangguan gi', 'gi', 'gangguan gi mual']
gangguan saluran kemih;['gangguan saluran kemih bagian bawah berhubungan dengan hiperplasia prostat jinak', 'gangguan saluran kemih bagian bawah']
gangguan saraf;['gangguan saraf']
gangguan sirkulasi;['gangguan sirkulasi']
gangguan spastik;['gangguan spastik saluran cerna', 'gangguan spastik saluran empedu', 'gangguan spastik saluran genital wanita', 'gangguan spastik', 'gangguan spastik saluran kemih']
gangguan tidur;['susah tidur', 'gangguan sulit tidur', 'gangguan tidur', 'gangguan irama tidur', 'gangguan memori tidur', 'sulit tidur', 'gangguan ritme tidur']
gangguan tropik;['gangguan tropik']
gangguan vestibular;['gangguan vestibular']
gangrene;['gangrene', 'ganggren']
gastritis;['gastritis kronik sd 8 minggu', 'ulkus gastritis', 'antasida gastritis', 'gastritis', 'gastristis', 'gastritis alkoholisme khronik', 'penuh lambung gastritis', 'gastritis kronik', 'gastritis kronis', 'gastritis tukak lambung tukak usus dua belas jari']
gastroenteritis;['gastroenteritis', 'gastroenteritis anak', 'gastroenteritis bayi']
gastroparesis;['gastroparesis', 'gastroparesis diabetikum akut rekuren', 'gastroparesis akut dan berulang', 'gastroparesis akut berulang', 'gastroparesis diabetikum akut berulang', 'gastroparesis berulang', 'gastroparesis akut', 'gastroparesis diabetikum']
gatal;['sakit gigi gatal gatal', 'gatal gatal', 'urtikaria gatal gatal', 'gatal jamur kulit', 'gatal', 'gatalgatal disebabkan oleh infeksi jamur', 'gatalgatal', 'gatal kulit', 'inflamasi gatal gatal']
gerd;['refluks esofagitis erosifulseratif', 'refluks esofagus', 'esofagitis erosifulseratif', 'reflux esofagitis', 'refluks esophagitis', 'gangguan refluks non erosive', 'rasa panas ulu hatikerongkongan akibat reflux esofagitis', 'refluks esofagitis erosif', 'refluks esofagitis', 'refluks', 'reflux', 'nonerosive reflux disease nerd', 'gastroesophageal reflux disease gerd', 'refluks gastroesofagus', 'refluks gastroesofagus erosif', 'inflamasi esofagus refluks esofagus', 'gastroesophageal reflux disease', 'reflux esofagitis erosifulseratif', 'refluks gastroesofagus yang erosif', 'refluks gastroesofagitis', 'simtomatik gerd', 'refluks esofagitis erosif atau ulseratif', 'reflucks esofagitis', 'gerd', 'refluks esofagitis erosif ulseratif', 'esofagitis erosif', 'reflux gastroesofagitis', 'nonerosive reflux disease', 'reflux esophagitis sedang berat', 'reflucks', 'refluks esofagitis berat', 'reflux esophagitis sedang dan berat', 'inflamasi esofagus', 'esofagitis berat', 'esofageal']
giardiasis;['giardia', 'giardiasis', 'giardia lambliasis']
gigi berlubang;['gigi berlubang']
gigitan serangga;['gatal akibat gigitan nyamukserangga', 'gatalgatal karena gigitan serangga atau nyamuk', 'gatal gatal gigit serangga', 'gatalgatal karena gigitan serangga', 'gatal akibat gigitan seranggga', 'gatalgatal akibat gigitan serangga dan nyamuk', 'gatal akibat digigit serangga', 'gigitan nyamuk bahkan nyamuk demam berdarah', 'gatal gigitan serangga nyamuk', 'gigitan nyamuk', 'gatalgatal akibat gigitan serangganyamuk', 'digigit serangga', 'gatal gigitan serangga dan nyamuk', 'gatalgatal akibat gigitan serangga', 'gatal  gatal gigit serangga', 'gatal karena gigitan serangga', 'gatal gigitan serangga', 'gatalgatal gigitan serangga nyamuk', 'gatalgatal akibat gigitan serangga nyamuk', 'gatal biang keringet udara panas gigitan serangga', 'gatalgatal akibat gigitan serangga atau nyamuk', 'gatal akibat gigitan serangga', 'gatalgatal akibat digigit serangga', 'gigitan nyamuk  serangga', 'serangga', 'gigitan nyamukserangga', 'gigitan serangga', 'gigitan nyamuk serangga', 'gatal karena biang keringet udara panas gigitan serangga', 'gigitan nyamuk/serangga', 'gatalgatal gigitan serangga']
glaukoma;['glaukoma sudut terbuka', 'glaukoma', 'glukoma sudut terbuka kronis', 'glaukoma sudut  terbuka', 'aphakic glukoma', 'glaukoma simplek kronis', 'glaukoma sudut  terbuka hipertensi okular', 'glaukoma sudut  terbuka khronis', 'glaukoma sekunder', 'glaukoma sudut terbuka kronis', 'glaukoma sudut terbuka khronis', 'glaukoma sudutterbuka', 'glukoma', 'glaukoma sudut terbuka hipertensi okular', 'glaukoma sudut tertutup']
gonore;['gonore akut', 'uretritis servisitis gonore', 'gonore tidak terkomplikasi', 'eritritis pielonefritis gonore', 'go akut', 'go infeksi', 'gonorea tanpa komplikasi', 'gogonorea tanpa komplikasi', 'go', 'gonorrhea', 'gonorrhoea', 'gonorhea yang tidak terkomplikasi infeksi kulit dan jaringan lunak', 'uretritis gonore', 'gonorhea tidak terkomplikasi infeksi kulit jaringan lunak', 'gonorrhoea tidak terkomplikasi', 'uretritis non gonore', 'gonorrhea komplikasi', 'n gonorrhoea', 'gonore', 'uretritis gonore servisitis komplikasi', 'gonorea', 'gonorrhoeae', 'gonore komplikasi', 'gonorrhoea acute tidak terkomplikasi', 'gonorrhoea akut tidak terkomplikasi', 'neisseria gonorrhoea']
granuloma inguinale;['limfogranuloma inguinale', 'granuloma inguinale']
gusi bengkak;['gusi bengkak']
hematoma;['hematoma']
hepatitis;['hepatitis alkoholik', 'hepatitis', 'hepatitis virus', 'virus hepatitis b', 'profilaksis infeksi hepatitis']
hepatitis b;['infeksi virus hepatitis b kronik', 'virus hepatitis b kronik', 'hepatitis b kronik']
hernia;['hernia peptik', 'hernia']
hernia hiatus;['hiatus hernis', 'hiatus hernia', 'hiatus', 'hernia hiatus']
hernia nukleus pulposus;['hernia neukleus pulposus']
herpes;['herpes labialis', 'virus herpes', 'infeksi rekuren herpes labialis']
herpes genital (herpes simplex);['herpes genital', 'virus herpes simpleks', 'supresi kekambuhan infeksi herpes simplex', 'herpes simplek kulit', 'herpes genitalis', 'infeksi virus herpes simpleks kulit selaput lendir', 'alergi kulit selaput lendir', 'lichen simplek', 'rekuren', 'herpes genital awal', 'herpes genital rekuren', 'infeksi awal herpes labialis', 'herpes simplex tipe 1  2', 'herpes simplex zoster', 'infeksi herpes simplex', 'herpes simpleks', 'infeksi herpes simpleks pada kulit', 'infeksi virus herpes simplex kulit membran mukosa', 'herpes simplex dan zoster', 'herpes genital berulang', 'infeksi rekuren herpes genital', 'infeksi awal herpes genital', 'infeksi virus herpes simpleks pada kulit dan selaput lendir', 'herpes simplex tipe 1 2', 'herpes simplex tipe 1', 'infeksi virus herpes simpleks', 'infeksi herpes simplex kulit', 'infeksi virus herpes simpleks kulit membran mukosa', 'pencegahan infeksi herpes simplex', 'herpes genital awal  rekuren', 'herpes simplex', 'herpes genital awal rekuren', 'herpes simplek', 'herpes simplex tipe 2', 'herpes simplek pada kulit', 'infeksi herpes simpleks kulit', 'herpes genital awal dan rekuren', 'infeksi herpes simplex pada kulit', 'herpes ginital awal', 'herpes ginital', 'herpes simpleks kulit membran mukosa']
herpes zoster;['herpes zoster', 'zoster', 'infeksi virus herpes zoster']
hidung tersumbat;['pilek gatal hidung', 'hidung', 'hidung berair tersumbat', 'hidung tersumbat/gatal', 'hidung tersumbat pilek', 'hidung tersumbat', 'gatal hidung tenggorokan', 'hidung tersumbat bersinbersin', 'tersumbat', 'tenggorokan hidung tersumbat', 'hidung berair', 'gatal hidung']
hiperasiditas gastrointestinal;['hiperasiditas pencernaan', 'hiperasiditas lambung saluran cerna', 'hiperasiditas gastrointestinal']
hiperemesis gravidarum;['emesis gravidarum', 'hiperemesis gravidarum', 'hiperemesis gravidarum muntahmuntah 3 kehamilan']
hiperglikemia;['hiperglikemia']
hiperkalemia;['hiperkalemia']
hiperkolesterolemia;['hiperkolesterolemia primer tipe iia', 'heterozigot familial', 'hiperko - lesterolemia', 'hiperkolesterolemia primer tipe', 'hiperkolesterolemia familial heterozigot homozigot', 'hiperkolesterol primer', 'hiperkolesterolemia familial', 'hiperkolesterolemia tipe iia', 'hiperkolesterol primer tipe iia', 'hiperkolesterolemia', 'hiperkolesterolemia primer', 'hiperkolesterolemia hip', 'hiperkoleterolemia primer', 'hiperkolesterolemia familial heterozigot', 'hiperkolsterolemia', 'hiperko lesterolemia']
hiperlipidemia;['hiperlipidemia', 'hiperlipidaemia', 'hiperlipidemia kombinasi tipe iib ii', 'hiperlipidemia campuran', 'hiperlipidemia kombinasi campuran']
hiperparatiroidisme;['hiperparatiroidisme']
hiperpigmentasi;['hiperpigmentasi melamin', 'hiperpigmentasi melanin area kulit tidak', 'hiperpigmentasi kulit', 'hiperpigmentasi']
hipersekresi mukus;['hipersekresi mukus']
hipertensi;['hipertensi ringan', 'tekanan tinggi pembuluh darah arteri paruparu', 'darah tinggi', 'hipertensi maligna', 'hipertensi esensial renovaskular', 'hipertensi esensial', 'hipertensi esensial ringan', 'hipertensi nefrogenik', 'hipertensi berat', 'hipertensi essensial', 'hipertensi', 'hipertensi essensial ringan', 'hipertensi dewasa', 'hipertensi renovaskuler']
hipertensi okuler;['hipertensi okular responsif', 'hipertensi okuler', 'hipertensi okular', 'hipertensi mata', 'hipertensi okular tidak responsif']
hipertensi pulmonal;['hipertensi pulmonal']
hiperurisemia;['hiperurisemia', 'hiperuresemia', 'hiperurisemia sekunder', 'hiperurisemia primer']
hipoalbuminemia;['hipoalbuminemia']
hipokalemia;['hipokalemia']
hipomagnesemia;['hipomagnesia', 'hipomagnesemia']
hipoparatiroid;['hipoparatiroidisme']
hipotensi;['hipotensi okuler', 'hipotensi']
hirsutisme;['hirsutism', 'hirsutisme']
histoplasmosis;['hiptoplasmosis', 'histoplasmosis']
iktiosis;['iktiosis', 'ikhtiosis', 'iktiosis kulit kering']
ileus paralitik;['ileus paralitik']
impetigo;['impetigo', 'furunculosis', 'impetigo kontagiosum', 'impetigo kontagiosa', 'impetigo go komplikasi', 'impetigo furunculosis']
impotensi;['impoten', 'impoten pria', 'impotensi']
imunisasi;['imunisasi']
infeksi;['infeksi kandida mukosa lainnya', 'infeksi akut', 'infeksi', 'infeksi lain disebabkan kuman gram sensitif', 'infeksi ringan sedang', 'infeksi ringan', 'infeksi lain', 'infeksi sedang', 'infeksi berat', 'infeksi serius', 'infeksi lainnya']
infeksi bakteri;['infeksi bakteri gr gr  sal nafas', 'infeksi bakteri yang rentan', 'infeksi sekunder bakteri gram positif', 'infeksi disebabkan oleh bakteri', 'bakteri gram positif', 'infeksi akibat bakteri saluran kemih', 'infeksi gram', 'infeksi berat disebabkan kuman gr gr', 'infeksi mikobakterial tertentu', 'bakteri endocarditis', 'infeksi bakteri', 'infeksi gram positif negatif', 'staph', 'bakterial', 'bakteri gram negatif', 'bakteria meningitis', 'eritis bakterial', 'bakteriuria asimptomatik masa hamil', 'bakteri gram negativ', 'infeksi bakteri dan jamur fungi', 'infeksi bakteri gram positif', 'disebabkan oleh jamur bakteri mulut', 'infeksi bakteri anaerob', 'infeksi mikobakteri', 'bakteri gr  penyebab bakteremia', 'bakteri gr penyebab bakteremia', 'infeksi akibat bakteri', 'infeksi bakteri sensitif levofloxacin sinusitis', 'infeksi disebabkan mikroorganisme gram positif gram negatif organisme memproduksi penisillinase', 'infeksi bakteri jamur fungi', 'eksaserbasi bakterial akut', 'infeksi bakteri lipatan kulit', 'infeksi oleh bakteri', 'infeksi bakteri anaerob serius', 'bakteriuria asimptomatik pada masa hamil', 'infeksi serius bakteri anaerob', 'infeksi bakteri gr gr sal nafas', 'infeksi gr serius berat', 'infeksi berat disebabkan bakteri gram', 'infeksi rentan berat', 'gram negatif', 'infeksi bakteri pada lipatan kulit', 'infeksi bakteri sensitif moxifloxacin', 'infeksi akibat bakteri saluran pernapasan', 'bakterial akut', 'infeksi bakteri sekunder bronkitis akut', 'infeksi mikobakterial', 'infeksi bakterial sekunder', 'infeksi disebabkan oleh mikroorganisme gram positif gram negatif sensitif terhadap tetracyclin', 'bakteri anaerob', 'infeksi serius disebabkan bakteri anaerob sensitif', 'infeksi staph', 'infeksi gram positif serius berat', 'infeksi bakteri anaerob sensitif', 'infeksi bakteri dan fungi pada mulut dan tenggorokan', 'infeksi akibat chlamydia trachomatis', 'bakteri staph', 'bakteri gr', 'infeksi serius staph', 'infeksi bakterial mata', 'infeksi bakteri fungi mulut tenggorokan', 'infeksi bakteri rentan', 'infeksi bakteri mycobacterium tuberculosis tbc', 'infeksi serius disebabkan bakteri sensitif', 'infeksi bakteri sekunder', 'infeksi akibat bakteri pencernaan', 'anaerob', 'infeksi serius akibat bakteri anaerob', 'infeksi gram positif gram negatif', 'bakteri', 'infeksi gram negatif', 'infeksi gram positif', 'infeksi disebabkan bakteri anaerob', 'infeksi anaerob']
infeksi genital;['infeksi genital']
infeksi gigi;['infeksi gigi']
infeksi ginjal;['infeksi ginjal', 'infeksi pada ginjal', 'pielonefritis infeksi ginjal akut']
infeksi helicobacter pylori;['infeksi bakteri helicobacter pylorus']
infeksi jamur;['fungi', 'infeksi jamur kulit kulit kepala kuku', 'infesi jamur', 'infeksi jamur fungi', 'infeksi jamur sistemik', 'infeksi jamur ringworm kulit rambut kuku disebabkan microsporum epidermophyton trichophyton', 'infeksi jamur ring  worm kulit', 'infeksi jamur pada kulit dengan inflamasiperadangan', 'infeksi jamur ring worm kulit', 'jamur', 'infeksi jamur pada kulit kulit kepala dan kuku', 'infeksi jamur ringworm kulit  rambut kuku disebabkan microsporum  epidermophyton trichophyton', 'infeksi jamur', 'infeksi jamur kulit dengan inflamasiperadangan', 'profilaksis infeksi jamur', 'infeksi akibat jamur', 'infeksi jamur tubuh', 'infeksi fungi', 'infeksi jamur kandidiasis']
infeksi jamur kuku;['infeksi jamur kuku', 'infeksi jamur pada kuku']
infeksi jamur kulit;['infeksi jamur pada kulit dan kuku', 'infeksi jamur lipatan kulit', 'infeksi jamur kulit', 'infeksi kuku kulit dermatofita', 'infeksi di kulit  jaringan lunak', 'dermatofita', 'infeksi jamur pada kulit', 'infeksi jamur kulit kepala', 'infeksi jamur kulit kuku', 'infeksi dermatofita kuku kaki', 'infeksi dermatofita kulit kuku tangan']
infeksi jamur rambut;['infeksi jamur rambut']
infeksi kuku;[]
infeksi kulit;['infeksi kulit primer sekunder', 'infeksi kulit kepala', 'infeksi kulit dan jaringan lunak tanpa komplikasi', 'infeksi kulit lainnya', 'lesi kulit traumatik infeksi sekunder', 'infeksi basah kering kulit bayi', 'infeksi kulit primer akut', 'infeksi kulit struktur kulit ringan terkomplikasi', 'pioderma', 'infeksi kulit struktur kulit komplikasi', 'infeksi kulit sekunder', 'gangguan kulit', 'infeksi kulit jar lunak', 'infeksi kulit jaringan lunak', 'terapi infeksi kulit', 'infeksi sekunder luka terbuka', 'infeksi kulit  jaringan lunak', 'infeksi kulit termasuk herpes genital rekuren herpes labialis', 'kulit jar lunak infeksi serius', 'infeksi sekunder kulit', 'kulit infeksi', 'lesi kulit dengan infeksi primer sekunder oleh bakteri streptokokus', 'infeksi kulit pioderma', 'infeksi kulit termasuk herpes genital rekuren dan herpes labialis', 'infeksi kulit jaringan lunak tanpa komplikasi', 'infeksi kulit strukturnya tanpa komplikasi', 'infeksi kulit dan membran mukosa lokal', 'infeksi sekunder pyoderma', 'infeksi kulit lain organisme peka terhadap kloramfenikol', 'infeksi kulit jaringan luka', 'infeksi kulit lain karena organisme yang peka terhadap kloramfenikol', 'infeksi kulit struktur kulit', 'pioderma dermatitis infeksi sekunder', 'infeksi serius jaringan lunak kulit', 'infeksi kuku kulit', 'infeksi kulit jelunak', 'infeksi kulit dan jar lunak', 'infeksi kulit termasuk herpes genital rekuren', 'infeksi jaringan', 'infeksi kulit struktur kulit terkomplikasi', 'infeksi mikotik kulit', 'infeksi kulit primer maupun sekunder', 'struktur kulit infeksi', 'infeksi kulit dan strukturnya tanpa komplikasi', 'infeksi pada kulit', 'infeksi kulit membran mukosa luar', 'infeksi kulit primer', 'infeksi kulit jar lunak terkomplikasi', 'infeksi kulit lain', 'infeksi kulit dan jaringan lunak', 'infeksi kulit', 'pioderma gangrenosa', 'infeksi jaringan lunak', 'infeksi kulit struktur kulit tak terkomplikasi', 'infeksi kulit dan struktur kulit', 'infeksi kulit primer dan sekunder', 'infeksi kulit kepala demartitis sebaroik ringan', 'infeksi kulit mukosa', 'pioderma primer sekunder', 'infeksi jar lunak', 'infeksi primer sekunder', 'infeksi kulit membran mukosa lokal', 'infeksi kulit struktur kulit tidak terkomplikasi', 'infeksi struktur kulit', 'infeksi kulit dan membran mukosa luar', 'infeksi kulit dan struktur kulit tak terkomplikasi', 'infeksi jaringan lunak kulit', 'mikosis kulit lain']
infeksi lambung;['infeksi lambung']
infeksi luka operasi;['infeksi operasi esofangeal', 'luka dengan infeksi', 'infeksi pasca operasi', 'luka paska operasi', 'infeksi luka operasi', 'infeksi luka', 'infeksi sesudah operasi', 'infeksi operasi']
infeksi mata;['infeksi eksternal mata', 'infeksi mata disebabkan oleh bakteri gram negatif', 'infeksi mata', 'infeksi pada mata', 'infeksi okular', 'infeksi mata eksternal bola mata', 'inflamasi mata', 'infeksi mata okular']
infeksi mulut;['infeksi rongga mulut', 'infeksi jamur rongga mulut', 'infeksi jamur dalam rongga mulut', 'infeksi jamur fungi rongga mulut tenggorokan', 'infeksi mulut']
infeksi paru-paru;['infeksi paru-paru', 'infeksi paru']
infeksi perut;['infeksi perut']
infeksi rahim;['infeksi rahim']
infeksi salmonella;['salmonelosis', 'infeksi disebabkan salmonella', 'infeksi salmonella spp', 'infeksi yang disebabkan oleh salmonella sp', 'infeksi disebabkan oleh salmonella sp', 'salmonellosis', 'salmonelosis infeksi urogenital', 'salmonelosis  infeksi urogenital', 'infeksi salmonella sp', 'salmonella sp', 'infeksi salmonele', 'salmonella', 'infeksi disebabkan salmonella sp', 'infeksi yang disebabkan oleh salmonella', 'infeksi disebabkan oleh salmonella', 'infeksi salmonella', 'infeksi salmonella sp sp']
infeksi saluran kelamin;['infeksi saluran kelamin', 'kelamin infeksi', 'infeksi kelamin']
infeksi saluran kemih;['infeksi saluran kemih', 'infeksi saluran kemih dengan komplikasi', 'infeksi saluran genitourinaria', 'komplikasi infeksi saluran kemih', 'infeksi sal gl', 'infeksi saluran genitourinari', 'infeksi saluran gl', 'infeksi sal kemih', 'infeksi urogenital', 'infeksi akut non komplikata saluran kemih bagian bawah', 'complicated urinary tract infection', 'infeksi saluran kemih bagian bawah', 'infeksi saluran urogenital', 'infeksi pada saluran kemih', 'infeksi bakteri saluran kemih', 'saluran kemih organ genital wanita', 'saluran kemih kelamin infeksi kulit jaringan lunak', 'infeksi saluran kemih  kelamin', 'infeksi saluran kemih akut komplikasi', 'infeksi saluran kemih akut', 'isk', 'infeksi saluram urinarius', 'infeksi di saluran kemih', 'infeksi saluran urin', 'infeksi saluran urinarius', 'infeksi saluran kemih komplikasi', 'infeksi traktus genitourinary', 'kelamin infeksi kulit jaringan lunak', 'infeksi saluran genitourinary', 'infeksi saluran kemih tidak terkomplikasi disebabkan escherichia coli proteus mirabilis', 'infeksi saluran kemih kompleks complicated urinary tract infection', 'infeksi saluran kemih dan kelamin', 'isk komplikasi', 'infeksi saluran kemih tanpa komplikasi', 'infeksi traktus urinarius pielonefritis', 'infeksi traktus urinarius', 'infeksi saluran kencing', 'infeksi saluran kemih kecuali prostatitis', 'isk terkomplikasi', 'infeksi saluran kemih kelamin', 'infeksi sal urogenital kemih kelamin', 'infeksi saluran kelamin', 'saluran kemih kelamin infeksi', 'infeksi saluran kemih kompleks']
infeksi saluran pencernaan;['infeksi intraabdomen dengan komplikasi', 'proteus mirabilisinfeksi saluran pencernaan', 'infeksi pernafasan saluran cerna', 'lesi di saluran pencernaan', 'infeksi saluran cerna', 'lesi saluran pencernaan', 'infeksi saluran pencernaan', 'infeksi pencernaan', 'infeksi gut', 'infeksi sal cerna', 'sal cerna tifoid paratifoid', 'infeksi sistem pencernaan', 'infeksi saluran cerna tifoid paratifoid']
infeksi saluran pernapasan;['infeksi saluran pernapasan bawah', 'infeksi saluran nafas kulit dan jaringan lunak', 'infeksi serius disebabkan bakteri sensitif infeksi saluran nafas bawah', 'infeksi virus sal napa', 'infeksi saluran pernafasan bawah', 'infeksi saluran nafas bawah dan atas', 'infeksi saluran pernapasan atas bawah', 'infeksi saluran nafas akut khronik', 'infeksi sal nafas atas bawah', 'infeksi saluran napa akut kronik', 'infeksi serius saluran nafas bag bawah', 'infeksi saluran napa akut', 'infeksi saluran nafas bagian atas dan bawah', 'infeksi sal nafas', 'infeksi saluran nafas atas dan bawah', 'infeksi ringan sedang sal nafas bawah atas kulit struktur kulit phs', 'infeksi saluran nafas kulit jaringan lunak', 'infeksi saluran nafas atas bawah', 'infeksi saluran pencernaan saluran kemih', 'infeksi saluran nafas akut kronik', 'infeksi saluran nafas bawah', 'infeksi saluran napas bawah', 'infeksi tht', 'infeksi ringan  sedang sal nafas bawah dan atas kulit dan struktur kulit phs', 'infeksi sal nafas atas', 'infeksi saluran pernafasan bagian atas bawah', 'infeksi saluran pernapasan', 'infeksi berat sal nafas', 'infeksi saluran napas atas', 'infeksi saluran pernfasan bagian atas bawah', 'sal nafas kecuali pneumonia strep', 'infeksi saluran pernapasan atas  bawah', 'infeksi sal nafas lainnya', 'infeksi sal pernafasan atas', 'infeksi saluran pernafasan', 'infeksi saluran nafas bagian atas bawah', 'infeksi sal nafas bawah', 'infeksi saluran pernafasan bagian bawah', 'infeksi saluran pernafasan bagian atas  bawah', 'infeksi saluran pernafasan bagian atas', 'infeksi saluran nafas akut dan kronik', 'infeksi sal napa', 'infeksi saluran nafas akut', 'infeksi bakteri saluran pernafasan', 'infeksi saluran nafas kecuali pneumonia strep hemolitikus', 'infeksi saluran nafas kronik', 'infeksi saluran nafas bawah atas', 'infeksi pernafasan', 'infeksi saluran nafas dan tht', 'infeksi saluran pernapasan atas', 'saluran nafas atas', 'infeksi ringan saluran nafas', 'infeksi saluran nafas dan bawah', 'infeksi sal', 'infeksi saluran napas atas  bawah', 'infeksi saluran nafas atas', 'infeksi saluran nafas', 'infeksi saluran napas', 'infeksi saluran pernapasan bagian atas', 'tht', 'infeksi serius saluran nafas', 'infeksi saluran nafas akut dan khronik', 'infeksi saluran napa', 'infeksi sal nafas kulit', 'infeksi sal nafas atas dan bawah', 'infeksi saluran pernapasan atas dan bawah', 'infeksi saluran nafas khronik', 'infeksi sal nafas bakteri gr', 'infeksi saluran napas atas dan bawah', 'infeksi saluran napas atas bawah', 'saluran nafas akut kronik', 'infeksi saluran nafas tht']
infeksi sekunder;['komplikasi infeksi sekunder', 'infeksi sekunder']
infeksi selaput lendir mulut;['infeksi selaput lendir mulut']
infeksi sendi;['infeksi sendi']
infeksi staphylococcus;['staphylococcus', 'staphylococcus aureus', 'infeksi disebabkan staphylococcus', 'luka terinfeksi disebabkan oleh staphylococcus aureus', 'infeksi staphylococcus']
infeksi streptococcus;['streptococcus faecalis', 'hemolitikus', 'streptococcus viridans', 'strep', 'strep hemolitikus', 'streptococcus', 'streptococcus hemolyticus', 'infeksi streptococcus', 'streptococcus pyogenes', 'streptococcus epidermidis', 'infeksi strep']
infeksi telinga;['infeksi rongga telinga', 'infeksi telinga hidung tenggorokan', 'peradangan akibat infeksi telinga', 'infeksi telinga']
infeksi tulang;['infeksi tulang sendi', 'infeksi tulang persendian', 'infeksi tulang']
infeksi usus;['infeksi usus', 'infeksi traktus gastrointestinal']
infeksi vagina;['infeksi vagina campuran', 'infeksi vagina disebabkan trichomonas vaginalis', 'infeksi vagina', 'infeksi vagina disebabkan candida albicans']
infeksi virus;['infeksi virus']
inflamasi;['inflamasi']
inflamasi okular;['inflamasi okular']
inflamasi pasca operasi;['inflamasi paska operasi katarak', 'inflamasi pasca operasi', 'inflamasi paska operasi', 'radang pasca operasi katarak']
inkontinensia tinja;['inkontinensia tinja']
inkontinensia urine;['inkontinensia urin']
insomnia;['insomnia']
intoleransi makanan;['intoleransi terhadap makanan salah cerna', 'intoleransi terhadap makanan']
intoleransi obat;['intoleransi terhadap obat sitotoksik', 'intoleransi obat']
iritasi;['iritasi ringan', 'teriritasi lingkungan']
iritasi mata;['iritasi mata']
iritasi saluran pernapasan;['iritasi saluran nafas lainnya', 'iritasi membran mukosa saluran nafas', 'iritasi membran mukosa']
iritasi usus;['iritasi usus']
iskemia;['iskemia ulkus', 'iskemia miokard', 'iskemia', 'iskemia miokardial']
jamur kulit;['jamur lipatan kulit', 'jamur kulit', 'jamur pada kulit']
jerawat;['infeksi jerawat', 'jerawatakne vulgaris', 'jerawat bisul', 'jerawat berisi nanah', 'jerawat parah', 'jerawat', 'jerawat berat', 'aknejerawat berisi nanah']
jerawat batu;['jerawat batu']
kandidiasis kulit;['kandidasis kutan', 'kandidiasis kulit']
kandidiasis mukosal;['kandidiasis mukokutan kulit mukosa khronik', 'kandidiasis mukokutan kulit mukosa khronik tidak responsif nistatin obat kandidiasis vaginal', 'kandidiasis mukosal', 'kandidiasis mukokutan kulit  mukosa khronik tidak responsif nistatin obat kandidiasis vaginal', 'kandidiasis mukokutan kronis', 'kandidiasis mukokutan khronis', 'kandidiasis mukokutan kulit  mukosa khronik', 'kandidiasi mukosa']
kandidiasis oral;['orofaringeal', 'kandidiasis mulut dermatomikosis', 'kandidiasis orofaringeal  esofageal', 'kandidiasis oral', 'kandidosis oral', 'kandidiasis rongga mulut', 'kandidiasis orofaringeal', 'infeksi orofaringeal', 'kandidiasis orofaringeal esofageal', 'atopik oral kandidiasis', 'kandidiasis mulut', 'kandidiasis oral infeksi jamur rongga mulut', 'kandidiasis orofaringe']
kandidiasis vaginalis;['kandidosis vaginal', 'kandidiasis vulvovaginal', 'kandidiasis vagina', 'kandidiasis vaginal']
kanker;['pasien kanker', 'nyeri kanker', 'kanker emetogenik', 'sel kanker', 'kanker', 'penyakit kanker']
kanker darah;['kanker darah']
kanker hati;['kanker hati']
kanker kandung kemih;['kanker kandung kemih']
kanker lambung;['kanker lambung']
kanker paru-paru;['kanker paru', 'kanker paru paru']
kanker payudara;['kanker payudara stadium lokal lanjutmetastasis', 'kanker payudara stadium dini', 'karsinoma payudara', 'kanker payudara stadium lanjut', 'kanker payu dara', 'kanker payudara']
kanker prostat;['kanker prostat']
kanker rahim;['kanker rahim']
kanker tenggorokan;['kanker tenggorokan']
kapalan;['kalus kapalan', 'kalos kapalan', 'kapalan']
kardiomiopati;['cardiomiopati obstruktif hipertrofik']
kejang;['kejang otot', 'kejang bronkus', 'kejang']
kelahiran prematur;['prematur', 'ancaman kelahiran prematur']
kelainan darah;['kelainan darah']
kelainan kulit;['kelainan kulit']
kelainan muskuloskeletal akut;['kelainan muskuloskeletal akut']
kelainan periodontal;['kelainan periodontal']
kelainan saraf;['kelainan saraf']
kencing manis;['kencing manis']
keputihan;['keputihan', 'gatal akibat keputihan']
keracunan;['keracunan']
keracunan alkohol;['intoksinasi alkohol', 'keracunan alkohol']
keracunan darah;['keracunan darah']
keracunan hati;['keracunan hati']
keracunan obat;['keracunan obat']
keratitis;['keratitis bakterial', 'keratitis metaherpetikum', 'keratitis akibat infeksi virus superfisial', 'keratitis dendritis', 'keratitis gangguan peradangan okular', 'fungal keratitis', 'keratitis kronik', 'keratitis akut', 'keratitis', 'keratitis jamur', 'keratitis fungal', 'keratitis superfisial nonspesifik']
keratokonjungtivitis;['keratokonjungtivitis sicca', 'keratokonjungtivitis']
keratosis pilaris;['keratosis pilaris']
keseleo;['keseleo', 'memar keseleo', 'sprains keseleo', 'kesleo', 'keseleo tegang', 'keseleo terkilir']
kesemutan;['kesemutan']
ketombe;['ketombe disebabkan pytirosporum ovale', 'ketombe', 'ketombe dikulit kepala']
kista;['kista', 'miom kista']
klaudikasio intermiten;['klaudikasi intermiten', 'klaudikasio intermiten']
kolera;['kolera']
kolesterol;['kolesterol total', 'ldl', 'kolesterol', 'kolesterol ldl', 'kolesterol jahat']
kolik ginjal;['kolik ginjal']
kolik kandung kemih;['kolik', 'kolik kandung kemih', 'nyeri kolik', 'kolik ginjal kandung kemih']
koma;['koma hepatic', 'koma', 'pre koma hepatik', 'koma hepatik']
komedo;['komedo', 'peradangan dengan komedo']
komplikasi paru pasca bedah;['komplikasi paru pasca bedah']
konjungtivitis;['konjungtivitis nonpurulen', 'konjungtivitis alergi radang selaput ikat mata akibat alergi', 'konjungtivitis nonpurulen akut kronis', 'konjungtivitis', 'konjungtivitis folikular', 'konjungtivitis alergi', 'konjungtivitis bakterial', 'konjungtivitas', 'konjungktivitis', 'konjungtivitis infeksi bakteri', 'konjungtivitis vernal', 'konjungtivitis infeksi e']
konstipasi;['konstipasi atoni', 'konstipasi akut', 'konstipasi kronis', 'konstipasi akut kronik', 'konstipasi superscript', 'konstipasi kronik', 'konstipasi']
kram otot;['nyeri spasme kram otot polo', 'kram', 'spasme kram otot', 'kram otot']
kram perut;['sakit kram perut', 'kram perut disebabkan oleh menstruasi dysmenorrhea', 'kram perut']
kram saluran kemih;['kram saluran kemih kelamin']
kram saluran pencernaan;['kram saluran cerna pylorus', 'kram saluran cerna']
kriptosporidiosis;['kriptosporidiosis', 'cryptosporidiosis']
kudis;['kudis', 'scabies kudis', 'kadas', 'panu kadas']
kulit kering;['kulit kering']
kurap;['kadaskurap', 'kurap']
kutil;['kutil kalus', 'kutil']
kutu air;['kutu air rangen', 'tinea pedis kutu air', 'kutu air']
kutu badan;['kutu badan']
kutu rambut;['kutu rambut']
labirinitis;['labirinitis', 'sindroma meniere labirinitis']
lambliasis;['lambliasis']
laringitis;['laringitis', 'laryngitis']
leher pegal dan kaku;['leher kaku', 'pegal leher', 'leher kaku bahu']
leptospirosis;['leptospirosis']
lesi kulit;['lesi2 kulit lainnya']
lesi mulut;['lesi inflamasi oral']
lichen planus;['likhen planus erosif', 'likhen planus', 'liken planus', 'lichen planus']
luka;['luka', 'luka kronik']
luka bakar;['luka bakar akibat bahan kimia', 'luka bakar', 'luka bakar terinfeksi', 'luka bakar ringan']
luka tusuk;['luka tusuk']
luka usus;['luka usus', 'luka usus duodenal', 'luka lambung usus']
lupus;['lupus eritematosus', 'lupus eritemmantosus', 'lupus eritematosus diskoid', 'lupus eritematosus diskoid kondisi tidak respon kortikosteroid aktif', 'lupus eritematosus diskoid tidak respon kortikosteroid aktif', 'lupus eritematosus discoid', 'lupus']
mabuk perjalanan;['pencegahan mabuk perjalanan', 'mabuk kendaraan', 'mabuk karena kendaraan', 'mabuk', 'mabuk perjalanan']
makrosomia;['makrosomia']
malaria;['pencegahan malaria', 'malaria', 'malaria falciparum']
mata gatal;['gatal mata']
mata ikan;['mata ikan']
mata kering;['sindroma mata kering', 'kekeringan mata', 'mata kering']
mata lelah;['mata lelah']
mata merah;['kemerahan mata', 'peradangan mata merah', 'mata merah', 'iritasi mata merah']
melasma;['melasma derajat sedang hingga berat', 'melasma']
meningitis;['meningitis']
menopause;['menopause', 'gangguan pasca menopause']
meriang;['badan meriang', 'sumeng meriang', 'meriang']
mialgia;['mialgia']
migrain;['migrain', 'migrain akut', 'migraine', 'migraine akut']
mikosis;['mikosis kulit dermatofita', 'mikosis interdigitalis', 'mikosis', 'infeksi mikosis sistemik', 'mikosis sistemik', 'mikosis mulut kulit kandida']
milia;['milia']
miom;['miom']
molluscum contagiosum;['moluskum kontagiosum', 'molluscum contagiosum']
morning sickness;['morning sickness']
mual;['hiperasiditas mual', 'gejala mual', 'pening mual', 'mual akut', 'rasa mual', 'perut mual', 'mual akibat radiasi', 'mual']
mual muntah;['mual dan muntah akibat kemoterapi  radioterapi', 'mual muntah kemoterapi emetogenik', 'mual meriang', 'mual muntah anak2 akibat kemoterapi radioterapi', 'mual atau muntah', 'mual dan muntah paska operasi', 'mual muntah akibat gangguan metabolik pasca operasi', 'mual di pagi hari', 'mual dan muntah karena obat', 'mual muntah radioterapi', 'mual dan muntah akibat kemoterapi', 'mual muntah kemoterapi radioterapi', 'mual muntah pasca operasi', 'mual muntah akibat kemoterapi', 'mual dan muntah yang diinduksi obat kemoterapi sitotoksik', 'mual muntah disebabkan oleh obat', 'mual  muntah yang disebabkan kemoterapi  radioterapi untuk kanker', 'mual dan muntah pada anak akibat kemoterapi dan radioterapi', 'mual muntah disebabkan radioterapi untuk kanker', 'mual dan muntah yang disebabkan kemoterapi', 'mual dan muntah yang dipicu oleh radioterapi', 'mual atau muntah pasca operasi', 'mual muntah paska operasi', 'mual dan muntah karena kemoterapi dan radioterapi', 'mual dan muntah pada anak2 akibat kemoterapi  radioterapi', 'mual muntah akibat radioterapi', 'mual muntah disebabkan kemoterapi radioterapi untuk kanker', 'mual muntah akibat obat', 'mual dan muntah akibat radioterapi', 'mual muntah pasca pembedahan', 'mual  muntah', 'mualmuntah paska operasi', 'mual muntah akibat penggunaal levodopa bromokriptin', 'mual dan muntah pasca operasi', 'mual muntah diinduksi obat kemoterapi sitotoksik', 'mual dan muntah akibat obat', 'mual  muntah akut', 'mual dan muntah akibat penggunaal levodopa dan bromokriptin', 'mual muntah', 'mual dan muntah karena kemoterapi', 'mual muntah anak akibat kemoterapi radioterapi', 'mual muntah kemoterapi', 'mual dan muntah karena radioterapi', 'mual dan muntah akibat kemoterapi dan radioterapi', 'mual muntah obat', 'mual muntah akibat kemoterapi radioterapi', 'mual pagi hari', 'mual muntah disebabkan kemoterapi', 'mual dan muntah yang disebabkan oleh obat', 'mual dan muntah akut', 'mual  muntah yang disebabkan kemoterapi', 'mual paska operasi', 'mual muntah kehamilan', 'mual muntah akut', 'mual muntah dipicu oleh radioterapi', 'mual dan muntah pasca pembedahan', 'mual dan muntah', 'mual dan muntah yang disebabkan radioterapi untuk kanker']
mulut kering;['mulut kering']
muntah;['muntah kehamilan', 'muntah paska anestesi', 'muntahmuntah karena bromokriptin', 'maul akut muntahmuntah', 'muntah dalam perjalanan yang diderita jika mempergunakan kendaraan bermotor kapal kereta api atau pesawat udara', 'muntahmuntah', 'muntah paska operasi', 'muntah pasca operasi', 'muntah muntah', 'muntah akut', 'muntahmuntah karena levodopa', 'muntah  muntah', 'muntah ringan', 'mual paska anestesi', 'muntah saat hamil', 'muntahmuntah bromokriptin', 'muntah pada kehamilan', 'muntahmuntah levodopa', 'muntah', 'muntah dalam perjalanan diderita jika mempergunakan kendaraan bermotor kapal kereta api pesawat udara', 'muntah dalam perjalanan', 'muntah saat perjalanan']
myasthenia gravis;['miastenia gravis', 'myasthenia gravis']
myositis;['myositis', 'miositis']
nefropati;['nefropati']
nefropati diabetik;['nefropati diabetik']
neuritis;['neuritis reumatik', 'neuritis', 'neuritis perifer', 'neuritis neuralgia', 'neuritis kehamilan']
neuritis optik;['neuritis optik', 'neuritis optika']
neurodermatitis;['neurodermatitis', 'neurodermatitis lokalisata', 'neuro-dermatitis', 'neurodermatitis kontak']
neuropati;['neuropati', 'neuropati vagal diabetikum']
neuropati diabetik;['neuropati diabetika', 'neuropati diabetik']
neuropati perifer;['neuropati perifer']
nistagmus;['nistagmus']
nyeri;['nyeri akut derajat berat', 'nyeri kronis akut', 'nyeri lain', 'nyeri', 'nyeri berat', 'nyeri ringan', 'nyeri sakit', 'sakit nyeri ringan', 'nyeri sedang berat', 'nyeri spastik']
nyeri bahu;['nyeri bahu', 'nyeri otot leher bahu punggung', 'nyeri otot bahu', 'rasa sakit otot bahu']
nyeri cedera;['nyeri akibat terkilir terpukul', 'nyeri cedera']
nyeri gigi;['nyeri gigi ringan', 'nyeri gigi sedang', 'meredakan nyeri gigi ringan', 'nyeri gigi ringan hingga sedang', 'nyeri gigi']
nyeri kepala;['nyeri kepala']
nyeri lambung;['nyeri lambung']
nyeri leher;['nyeri leher', 'nyeri otot leher', 'rasa sakit leher', 'sakit otot leher']
nyeri lutut;['nyeri lutut']
nyeri muskuloskeletal;['nyeri muskuloskeletal lain']
nyeri otot;['nyeri otot', 'nyeri ringan sedang otot', 'nyeri otot olahraga']
nyeri pasca bedah;['nyeri pasca bedah', 'nyeri lokal paska bedah mulut', 'nyeri paskabedah', 'nyeri paska bedah']
nyeri pasca operasi;['nyeri cabut gigi', 'meredakan nyeri pasca operasi', 'nyeri pasca operasi', 'nyeri pasca operasi derajat', 'sakit setelah operasi', 'nyeri pasca bedah', 'nyeri inflamasi pasca op', 'nyeri yang muncul setelah operasi', 'nyeri setelah traumapasca operasi', 'nyeri operasi', 'nyeri muncul setelah operasi', 'nyeri sesudah operasi', 'nyeri sehabis operasi', 'nyeri pasca operasi pasca bedah gigi tulang', 'nyeri pasca operasi cabut gigi', 'nyeri pasca op', 'setelah operasi', 'pencabutan gigi nyeri operasi', 'nyeri paska operasi']
nyeri pasca partum;['pasca partum', 'nyeri pasca partum']
nyeri pasca trauma;['nyeri trauma', 'nyeri trauma operasi', 'nyeri inflamasi pasca trauma terkilir', 'nyeri akibat trauma', 'nyeri pasca trauma', 'nyeri inflamasi pasca trauma']
nyeri pasca vaksinasi;['nyeri pasca vaksinasi']
nyeri perut;['nyeri perut']
nyeri pinggang;['nyeri otot pinggang', 'nyeri pinggang']
nyeri punggung;['nyeri dipunggung', 'nyeri kolumna vertebra tulang punggung', 'nyeri tulang punggung', 'nyeri otot punggung', 'nyeri punggung', 'nyeri pada punggung', 'sakit nyeri punggung']
nyeri saraf;['nyeri saraf']
nyeri sendi;['nyeri sendi', 'pegal nyeri sendi', 'nyeri pegalpegal otot sendi', 'pegal linu nyeri sendi', 'nyeri otot sendi', 'nyeri sendi akibat reumatik']
nyeri spastik;['spastik organ genital wanita', 'nyeri spastik saluran kemih', 'nyeri spastik saluran empedu', 'nyeri paroxismal lambung usus halus nyeri spastik saluran empedu saluran kemih organ genital wanita', 'nyeri spastik', 'nyeri spastik organ genital wanita']
nyeri telinga;['nyeri telinga']
nyeri tenggorokan;['nyeri tenggorokan']
nyeri tulang;['nyeri tulang']
oligomenorea;['oligomenore', 'oligomenorea']
oligospermia;['oligospermia pria', 'oligospermia']
onkomikosis;['onkomikosis']
orchitis;['orchitis']
osteoarthritis;['ostearthiritis', 'eksaserbasi akut oa', 'osteoartritis jangka pendek', 'osteo arthritis', 'osteoartritis eksaserbasi akut', 'osteoartritis spondilartritis', 'artritis tulang punggung', 'osteoartritis spondilosa artritis', 'osteoartritis kolumna vertebralis', 'osteaoarthritis', 'eksacerbasi akut osteoarthritis', 'oa', 'sindroma nyeri kolumna vertebralis', 'osteoarthritis (oa)', 'oa eksaserbasi akut', 'osteoarthritis', 'osteoartritis', 'osteoartritis spondilosa', 'osteoartritis oa', 'gejala osteoartritis', 'nyeri osteoarthritis', 'osteoartrosis', 'osteoartritis akut', 'osteoarthritis oa', 'osteoatritis panggul', 'herniated osteoarthritis']
osteodistrofi ginjal;['osteodistrofi ginjal']
osteogenesis imperfecta;['osteogenesis imperfecta', 'osteogenesis imperfekta']
osteomielitis;['infeksi osteomielitis radang sumsum tulang', 'osteomielitis radang sumsum tulang', 'osteomielitisradang sumsum tulang', 'infeksi osteomielitis', 'osteomielitis akut', 'osteomielitis radang sumsum tulang akut', 'intra abdominal osteomielitis', 'osteomielitis']
osteopetrosis;['osteopetrosis']
osteoporosis;['ostoroposis tulang', 'osteoporosis paska menopause']
otitis eksterna;['otitis externa', 'otitis eksterna akut', 'otitis externa akut khronik', 'otitis externa akut', 'otitis externa atau peradangan pada telinga bagian luar', 'otitis externa peradangan telinga bagian luar', 'otitis eksterna', 'otitis eksterna kronik', 'otitis externa khronik', 'otitis eksterna kronis']
otitis media;['otitis media radang telinga tengah akut', 'otitis media supuratif', 'otitis media kronis', 'otitis medium akuta', 'otitis media', 'otitis medium sal nafas', 'otitis media akut', 'otitis medium akut', 'otitis medium', 'otitis media supuratif kronik', 'otitis', 'medium', 'otitis media radang rongga gendang telinga', 'infeksi tht otitis medium akut sinusitis akut', 'otitis medium radang rongga gendang telinga', 'infeksi gl otitis medium bekterial']
otomikosis;['otomikosis']
panas;['panas disertai tenggorokan kering', 'panas']
panas dalam;['panas dalam']
pankreatitis akut;['pankreatitis akut', 'pankreatitis']
panu;['panu', 'tinea versicolor panu']
paratifus;['tifoid paratifoid', 'paratifus', 'tifus epidemi', 'go infeksi gl tifoid paratifoid', 'tifus  paratifus', 'tifoid', 'demam tifus paratifus', 'demam tifoid paratifoid', 'tifus dan paratifus', 'demam paratifus', 'tifus paratifus']
paronikia;['paronikia', 'paronikhia']
parotitis;['parotitis']
pembengkakan;['pembengkakan rambut', 'pembengkakan']
pembengkakan otak;['pembengkakan otak']
pembengkakan pasca bedah;['pembengkakan pasca bedah']
pembengkakan pasca trauma;['pembengkakan pasca trauma']
pembengkakan prostat;['pembengkakan prostat']
pendaharan;['perdarahan']
pendaharan hidung;['perdarahan hidung']
penyakit akibat virus;['penyakit virus', 'virus jamur', 'virus', 'penyakit virus lainnya', 'virus superfisial']
penyakit arteri koroner;['penyakit arteri koroner stabil', 'penyakit arteri koroner']
penyakit arteri perifer;['penyakit arteri', 'penyakit arteri perifer', 'oklusi arteri perifer kronis']
penyakit behcet;['penyakit behcet']
penyakit crohn;['penyakit crohn ringan sedang', 'crohn']
penyakit gigi;['penyakit gigi gusi', 'penyakit gigi']
penyakit ginjal;['penyakit ginjal hati', 'penyakit ginjal', 'penyakit ginjal kronik', 'penyakit ginjal stadium ginjal']
penyakit hati;['penyakit hati', 'penyakit hati akut kronis']
penyakit infeksi;['penyakit infeksi ringan', 'penyakit infeksi kulit', 'penyakit infeksi hpylori', 'penyakit infeksi', 'infeksi penyakit eksaserbasi akut']
penyakit jantung;['penyakit jantung', 'penyakit jantung hati']
penyakit jantung koroner;['penyakit jantung koroner', 'penyakit koroner kronik']
penyakit kulit;['penyakit dermatologik lain', 'penyakit kulit lain', 'penyakit kulit dengan peradangan', 'penyakit kkulit', 'penyakit kulit', 'penyakit infeksi kulit jaringan lunak', 'penyakit kulit janggut jamur', 'penyakit kulit jaringan lunak', 'penyakit kulit lainnya']
penyakit liver;['penyakit liver']
penyakit mata;['penyakit mata']
penyakit meniere;['gangguan meniere', 'sindrom meniere s', 'penyakit meniere', 'sindrom meniere', 'sindroma meniere', 'meniere', 'penyakit meniere s']
penyakit menular seksual;['penyakit menular seksual', 'penyakit hubungan seksual']
penyakit paget;['penyakit paget']
penyakit paru obstruktif kronis;['obstruksi saluran napa reversible asma', 'obstruksi saluran nafas', 'penyakit2 obstruksi saluran nafas', 'penyakit paru obstruktif kronis eksaserbasi akut', 'penyakit paru obstruktif kronis', 'obstruksi saluran napa', 'paru obstruktif kronik', 'penyakit paru obstruktif kronik (ppok)', 'penyakit paru obstruktif kronik ppok', 'penyakit paru', 'obstruksi saluran nafas kronik', 'penyakit paru obstruktif kronik', 'penyakit2 paru']
penyakit pes;['penyakit pes']
penyakit saluran empedu;['penyakit2 kandung empedu saluran empedu']
penyakit saluran pernapasan;['penyakit pernapasan akut kronik', 'penyakit saluran nafas akut', 'penyakit saluran pernafasan', 'penyakit saluran pernafasan akut kronik', 'penyakit saluran pernafasan kronik', 'penyakit saluran pernafasan kronis', 'pernapasan akut kronik', 'penyakit saluran nafas', 'penyakit saluran nafas akut kronik', 'penyakit saluran nafas kronik', 'penyakit saluran napa akut kronik', 'penyakit saluran napas akut khronik', 'penyakit saluran napa', 'penyakitpenyakit saluran pernafasan akut kronis', 'penyakit disebabkan oleh virus saluran napas', 'penyakit saluran napas atas lain', 'penyakit disebabkan oleh virus saluran nafas', 'penyakit saluran pernafasan akut']
penyakit saraf;['penyakit saraf']
penyakit tulang;['sakit tulang']
penyempitan saluran napas;['penyakit penyumbatan saluran nafas', 'penyempitan saluran napas', 'sumbatan saluran napas', 'penyumbatan saluran nafas']
peradangan operasi gigi;['peradangan operasi gigi']
perdarahan gastrointestinal;['perdarahan gastrointestinal']
perdarahan saluran pencernaan;['perdarahan saluran pencernaan', 'perdarahan saluran cerna atas']
perdarahan subarachnoid;['perdarahan subarachnoid', 'pendarahan subarakhnoid']
periartritis;['periartritis pinggul', 'periartritis bahu', 'periartritis']
perikarditis;['perikarditis']
periodontitis;['periodontitis', 'priodontitis']
peritonitis;['peritoditis', 'radang selaput perut', 'peritonitis', 'peritonitis radang selaput perut']
perut kembung;['perut kembung masuk angin', 'rasa kembung', 'kembung', 'kembung rasa tidak nyaman perut', 'perut kembung', 'gejala masuk angin seperti perut kembung mual', 'peredangan perut kembung']
pilek;['pilek', 'pilek alergi', 'pilek rinorea', 'pilek anakanak']
pirosis;['pirosis']
pitiriasis kapitis;['pitiriasis kapitis']
plak mulut;['akumulasi plak rongga mulut']
pleuritis;['pleuritis']
plineuritis;['plineuritis', 'b12 plineuritis neuralgia']
pneumonia;['s.pneumoniae', 'pneumonia bakteri', 'pneumonia komuniti', 'pneumonia dr lingkungan', 'pneumonia saluran napa', 'pneumonia nosokomial', 'pneumonia masyarakat', 'pneumonia atipik primer', 'pneumonia komunitas communityacquired pneumonia', 'pneumonitis anaerob', 'pneumonia faringitis', 'pneumonia strep hemolitikus', 'pneumonia didapat dari lingkungan', 'pneumonia komunitas', 'pneumonia', 'kuman h influenzae s pneumoniae', 'pneumonia akibat streptococcus', 'streptococus pneumonia', 'pneumonia akut', 's pneumoniae', 'acquired pneumonia', 'pneumonia cystitis', 'pneumonia akibat lingkungan', 'pneumonia lingkungan', 's  pneumoniae', 'pneumonia yang didapat dari lingkungan', 'streptococcus pneumoniae']
pneumonia aspirasi;['pneumonia aspirasi']
polineuritis;['polineuritis', 'polyneuritis']
polineuropati diabetik;['polineuropati diabetikum', 'polineuropati diabetik']
polip;['polip']
polip hidung;['polip hidung']
polip usus;['polip usus besar']
polisitemia vera;['polisitemia vera']
proktitis;['proktitis']
prostatitis;['prostatitis', 'prostatitis bakterial kronik', 'isk prostatitis', 'pielitis prostatitis akut kronis', 'prostatitis akut', 'prostatitis bakteri kronis']
prurigo;['prurigo', 'ekzema prurigo']
pruritus;['pruritus pada urtikaria khronik idiopathik', 'pruritus di anus', 'pruritus atau gatalgatal pada anus dan vulvagenital external pada wanita', 'pruritus urtikaria khronik idiopathik', 'pruritus gatalgatal anus vulvagenital external wanita', 'pruritus', 'alergi pruritis', 'pruritis anogenital', 'pruritis', 'pruritus alergi', 'pruritus anus', 'pruritus anogenital', 'pruritus anogential', 'urtikaria khronik idiopathik', 'pruritis ani']
psikosis;['psikosis']
psitakosis;['psittacosis', 'limfogranuloma psittacosis', 'limfogranuloma psitakosis', 'psithachosis', 'psitakosis', 'lympogranulloma psittacosis']
psoriasis;['inflamasi psoriasis', 'vulva psoriasis', 'psoriasis ', 'psoriasis', 'psoriasis kecuali plak', 'lesi psoriasis', 'psoriasis diskoid']
punggung pegal dan kaku;['punggung pegal']
pusing;['capek pusing', 'pusingpusing', 'pusingmigren', 'pusing', 'pusing berhubungan dengan gangguan keseimbangan gangguan sirkulasi darah', 'pusing vestibular', 'kepala pusing', 'pusing yang berhubungan dengan gangguan keseimbangan pada gangguan sirkulasi darah']
rachitis;['rachitis']
radang;['radang akut', 'radang', 'radang akut yang berat', 'radang akibat amandel', 'radang akut berat', 'peradangan']
radang ginjal;['radang pasu ginjal', 'pielonefritis radang ginjal serentak radang pasu ginjal', 'radang ginjal']
radang gusi;['radang gusi']
radang hati;['peradangan hati']
radang hidung;['peradangan hidung']
radang jaringan kuku;['radang jaringan kuku']
radang kulit;['radang kulit', 'radang kkulit']
radang mata;['radang selaput ikat mata', 'gangguan radang mata', 'radang mata akibat reaksi alergi', 'penyakit radang mata', 'radang kornea mata', 'radang selaput bening mata', 'radang kantung air mata', 'radang kelopak mata', 'radang saraf mata', 'peradangan selaput mata', 'peradangan mata']
radang mulut;['radang mulut', 'peradangan radang mulut', 'radang selaput lendir mulut', 'peradangan rongga mulut tenggorokan']
radang otot;['radang otot']
radang panggul;['penyakit radang panggul']
radang pankreas;['radang pankreas']
radang prostat;['radang prostat']
radang saluran pernapasan;['radang saluran nafas', 'peradangan saluran pernafasan bagian atas', 'radang ringan saluran nafas']
radang saraf;['radang saraf']
radang sendi;['radang sendi', 'peradangan sendi']
radang sumsum tulang;['radang sumsum tulang', 'radang sumsum tulang akut']
radang telinga;['radang telinga akut kronis', 'radang telinga bagian luar', 'radang telinga bagian luar tengah', 'radang telinga bagian tengah', 'radang telinga tengah', 'inflamasi radang telinga', 'radang telinga bagian luar  tengah', 'radang rongga gendang telinga']
radang tenggorokan;['radang tenggorokan']
radang usus;['radang usus', 'radang usus halus', 'radang usus peradangan usus', 'radang pada usus']
rakitis;['rakhitis', 'rickets', 'rakhitis akibat defisiensi vit d', 'rachitis rickets', 'penyakit rickets', 'rakhitis akibat defisiensi vit  d']
rambut rontok;['kerontokan rambut', 'rambut rontok']
reactive arthritis;['reactive arthritis']
rematik;['reumatik non sendi', 'nonartikular reumatik', 'nyeri penyakit reumatik', 'rematik nonartikular', 'reumatik sendi', 'rematik tulang', 'reumatik', 'nyeri reumatik', 'rematik', 'rematik non artikular', 'rheumatik', 'penyakit reumatik', 'reumatik non artikular', 'renatik tulang', 'reumatik tulang', 'reumatik nonartikular', 'non artikular reumatik', 'reumatik jaringan lunak terlokalisir']
retensi urin pasca operasi;['retensi urin pasca operasi']
rheumatoid arthritis;['nyeri rematoid atritis akut', 'rematik artritis', 'ar', 'inflamasi degeneratif artritis rematoid', 'artritis rematoid aktif', 'reumatoid atritis akut', 'ra', 'reumatoid atritis', 'reumatoid arthritis', 'rematoid atritis akut', 'artritis rematoid', 'arthritis rheumatoid', 'gejala artritis reumatoid', 'reumatoid artritis kronis', 'reumatoid atritis akut kronis', 'reumatoid artritis akut kronis', 'rematoid atritis akut kronis', 'rematoid atritis kronis', 'reumatoid artritis', 'rheumatoid artritis', 'artritis rheumatoid', 'reumatoid artritis akut', 'rematoid artritis', 'rematoid athritis', 'rematoid', 'artritis rheumatoid juvenil', 'rheumatoid arthritis', 'arthritis reumatoid ar', 'reumatoid atritis kronis', 'gejala juvenile artritis reumatoid', 'juvenile artritis reumatoid', 'arthritis reumatoid', 'artritis reumatoid', 'nyeri rematoid atritis kronis', 'rheumatoid arthritis ra', 'arthritis reumatik', 'atritis rematoid', 'rheumatoid arthritis poliartritis kronik', 'reumatik generatif atritis rematoid', 'pasien rematoid atritis akut kronis']
rhinitis;['rinitis purulen', 'vasomotor rhinitis', 'perennial rhinitis', 'rhinitis', 'rhinitis vasomotor', 'rinitis menahun']
rhinitis alergi;['rinitis alergi musiman tahunan', 'rinitis alergi seasonal perenial', 'rinitis alergi menahun musiman', 'rinitis alergi konjungtivitis', 'rinitis', 'rinitis alergi musiman perennial', 'rinitis alergi persisten', 'allergic rhinitis', 'alergi rhinitis', 'alergi rinitis nasal  nonnasal', 'rinitis alergi', 'rinitis intermiten', 'rinitis alergika', 'rinitis persisten', 'rinitis alergi seasonal', 'rinitis alergi tahunan musiman', 'alergi rinitis nasal nonnasal', 'alergi rinitis intermiten persisten  menerus', 'alergi rinitis intermiten persisten menerus', 'rinitis perenial', 'alergi rinitis intermitensewaktu', 'rinitis alergi nasal', 'rhinitis alergi', 'alergi rinitis persistenterusmenerus', 'alergi rinitis', 'alergi hidung', 'rhinitis alergika', 'rinitis alergi perenial', 'alergi pernafasan', 'rinitis alergi musiman', 'alergi rinitis perenial']
riketsiosis;['riketsiosis']
ruam merah;['kemerahan', 'ruam merah', 'merah', 'bercak merah', 'kemerahan keadaan inflamasi', 'merah iritasi']
ruam popok;['ruam popok']
sakit gigi;['sakit saat pertumbuhan gigi', 'sakit gigi nyeri ringan', 'sakit gigi']
sakit kepala;['sakit kepala derajat sedang', 'sakit kepala vaskular', 'sakit kepala sebelah', 'nyeri sakit kepala', 'skit kepala', 'sakit kepala kekakuan otot', 'sakit kepala', 'sakit kepala sakit gigi']
sakit maag;['sakit maag', 'maag']
sakit otot;['sakit otot']
sakit perut;['sakit perut']
sakit pinggang;['sakit otot pinggang', 'sakit pinggan', 'sakit pinggang']
sakit punggung;['sakit punggung bagian bawah', 'sakit punggung bawah', 'sakit punggung']
sakit sendi;['sakit sendi']
sakit tenggorokan;['rasa sakit tenggorokan', 'sakt tenggorokan', 'rasa sakit di tenggorokan', 'sakit tenggorokan']
salpingitis;['salpingitis']
sariawan;['tukak sariawan', 'panas dalam disertai sariawan', 'nyeri akibat sariawan', 'sariawan']
selulitis;['selulitis pelvis pasca operasi vagina', 'selulitis pelvis', 'selulitis']
sendi kaku;['kekakuan sendi']
sepsis;['sepsis intra abdominal', 'sepsis puerperal', 'sepsis intraabdominal', 'sepsis', 'sepsis purpura']
septic arthritis;['artritis septik osteomielitis', 'artritis septik']
septikemia;['septikemiakeracunan darah oleh bakteri patogenik zatzat dihasilkan oleh bakteri tersebut', 'septikemia keracunan darah oleh bakteri patogenik danatau zatzat dihasilkan oleh bakteri tersebut']
serangan jantung;['serangan jantung']
servisitis;['uretritis servisitis', 'uretritis servisitis go', 'cervicitis', 'servisitis go', 'servisitis komplikasi', 'servisitis sal pernafasan kecuali disebabkan streptococus', 'infeksi servisitis non gonokokal', 'servisitis sal pernafasan', 'servisitis', 'uretritis go servisitis komplikasi']
sesak napas;['mengi sesak napas paruparu asma', 'sesak napas', 'sesak nafas', 'sesak']
sifilis;['sipilis', 'sifilis']
sindrom nefrotik;['sindroma nefrotik', 'sindrom nefrotik']
sindrom raynaud;['fenomena raynaud', 'sindrom raynaud', 'sindroma raynaud']
sindrom zollinger-ellison;['sindrom zollinger', 'sindrom zollinger ellison', 'sindrom zollinger ellison adenoma endokrin multiple', 'hipersekreasi patologis seperti sindroma zollingerellison', 'sindroma zollingerellison', 'hipersekresi patologis sindroma zollinger ellison', 'sindrom zollinger-ellison', 'sindrom zollingerellison adenoma endokrin multiple', 'sindrom zollingerellison', 'zollinger ellison syndrome', 'sindroma zollinger ellison pendarahan gi', 'hipersekreasi patologis sindrom zollinger ellison', 'sindroma zollinger ellison', 'sindroma zollingerellison pendarahan gi', 'hipersekrese patologis sindroma zollinger ellison']
sindroma leher;['sindroma leher']
sinusitis;['sinusitis maxillary akut', 'sinusitis', 'sinusitis bakterial akut', 'sistitis', 'sinusitis akut', 'sinusitus', 'sinusitis alergi', 'sinusitis maksilaris akut', 'sinusitis maksilaris']
sirosis;['sirosis hepatik', 'sirosis hati', 'sirosis']
skiatika;['skiatika']
skleritis;['skleritis']
skorbut;['skorbut']
spondilartritis;['spondilartritis']
spondilitis deformans;['spondilitis deformans']
stenosis pilorus;['stenosis pilorik bersifat ringan', 'stenosis pylorus', 'stenosis pilorik', 'stenosis pilorus']
stres;['stress', 'stres']
stroke;['stroke']
stroke iskemik;['stroke iskemik', 'stroke iskhemik', 'gejala iskhemik']
takikardia;['takikardia atrial ektopik', 'takikardia', 'takikardia supraventrikular paroksismal', 'takikardia supraventrikuler paroksismal']
tbc (tuberkulosis);['tuberkulosis paru', 'tbc infeksi mikobakterial', 'tbc', 'tbc paru paru', 'tbc paru', 'mycobacterium tuberculosis', 'tuberkulosa paru', 'tb paru']
tendinitis;['tendinitis']
tendovaginitis;['tendovaginitis']
tenggorokan gatal;['tenggorokan gatal']
tenggorokan kering;['tenggorokan kering']
tetanus;['tetanus']
tifus;['profilaksis scrub tifus', 'tifus', 'demam tifus', 'scrub tifus']
tinea barbae;['sikosis barbae', 'tinea barbae']
tinea capitis;['tinea kapitis', 'tinea capitis', 'dermatomiosis kandidiasis mikosis sistemik tinea corporis tinea pidea tinea kapitis']
tinea corporis;['tinea kruris korporis', 'tinea korporis kurap', 'tinea corporis', 'tinea corporis kurap', 'tinea korporis']
tinea cruris;['tinea cruris', 'tinea cruris gatal jamur selangkangan', 'tinea kuris']
tinnitus;['tinitus', 'telinga berdengung tinnitus', 'tinnitus', 'telinga berdengung', 'tinitus telinga berdenging']
tirotoksikosis;['tirotoksikosis feokhromositoma', 'tirotoksikosis']
toksoplasmosis;['infeksi toxoplasmosis', 'profilaksis toksoplasmosis wanita hamil', 'toxoplasmosis', 'toksoplasmosis', 'infeksi toksoplasmosis']
trakhitis;['trakhitis']
tremor esensial;['tremor esensial']
trikomoniasis;['trikomoniasis', 'trikomoniasis salurah kemih kelamin']
tromboflebitis;['tromboflebitis']
trombositemia;['trombositemia']
trombositopenia;['trombositopenia']
tukak lambung;['tukak lambung jinak tukak pasca operasi', 'ulkus lambung usus halus', 'luka lambung', 'penyakit lambung usus halus', 'tukak lambung duodenum', 'tukak ulkus lambung ulkus tukak lambung paska tindakan', 'tukak kulit', 'tukak lambung tukak usus halus', 'tukak lambung aktif', 'tukak lambung usus', 'seperli tukak lambung', 'tukak lambung danatau usus halus', 'tukak lambung', 'tukak lambung jinak', 'tukak lambung tukak duodenum', 'tukak peptik', 'tukak', 'tukak lambung ringan', 'tukak ulkus lambung usus halus', 'tukak lambung ulkus peptik', 'tukak duodenum tukak lambung ringan', 'ulkus lambung', 'ulkus tukak lambung', 'tukak lambung usus duabelas jari', 'tukak ulkus lambung', 'lesi lambung', 'pasien tukak lambung', 'tukak khronik', 'ulkus tukak lambung usus halus', 'ulkus peptik']
tukak pasca operasi;['tukak pasca operasi']
tumor;['tumor jinak', 'tumor']
ulkus;['ulkus']
ulkus dekubitus;['ulkus dekubitus']
ulkus duodenum;['ulkus deudenum', 'tukak usus belas jari', 'tukak duodenal', 'ulus duodenum aktif', 'ulkus aktif usus halus duodenum', 'luka duodenal', 'tukak usus 12 jari lambung', 'ulkus tukak usus halus', 'ulkus tukak usus halus aktif', 'tukak usus belas jari aktif', 'lesi duodenum', 'ulkus usus halus duodenum', 'ulkus duodenal', 'tukak usus', 'ulcus duodenal', 'tuka duodenal', 'terapi ulkus usus halus duodenum paska aktifnya', 'tukak usus dua belas jari', 'ulkus duodenum aktif', 'tukak usus halus', 'tukak usus 12 jari', 'ulkus duodenum', 'tukak duodenum akut', 'tukak duodenum']
ulkus genital;['penyakit ulkus genital', 'penyakit ulkus genital orang dewasa']
ulkus kornea;['luka kornea', 'tukak kornea mata', 'ulkus pada kornea', 'ulkus kornea', 'tukak kornea']
uretritis;['uretritis nongonococcal', 'urethritis vaginitis', 'uritritis non gonokokal', 'urethritis', 'uretritis nongonokokus', 'uretritis non go', 'uritritis', 'urethris', 'protozoa uretritis', 'gi uretritis', 'gi uretritis servisitis go', 'uretritis', 'infeksi uretritis']
urogenital trichomoniasis;['trikomoniasis sal kemih kelamin', 'urogenital trichomoniasis']
urtikaria;['alergi urtikaria angioedema cold urticaria allergic rhinitis vasomotor rhinitis', 'urtikaria kronik', 'urtikaria', 'manifestasi alergi kulit urtikaria', 'alergi urtikaria', 'urtikaria khronik', 'rinitis urtikaria', 'cold urtikaria', 'urtikaria kronis']
uveitis;['chronic anterior uveitis', 'uveitis']
vaginitis;['vaginitis trichomonas', 'vaginitis kandida', 'vaginitis nonspesifik', 'vaginitis', 'vaginitis trichomonas vaginalis']
vaginosis bakterialis;['vaginosis bakterialis', 'bacterial vaginosis']
varicela;['varicella zoster', 'varicela', 'varicella', 'varisela']
varises;['varises', 'tukak trofik varises']
vertigo;['vertigo', 'vertigo perifer']
vulvitis;['vulvitis', 'vulvitas']
wasir (ambeien);['wasir akut', 'wasir ambeien', 'wasir (ambeien)', 'wasir kronis menahun', 'wasir', 'ambien wasir', 'wasir kronik', 'hemoroid eksterna', 'gejala wasir', 'nyeri panas pendarahan akibat wasir', 'wasir kronik akut']
